1,1,0
1,2,0
1,3,0
1,4,1
1,5,0
1,6,0
1,7,1
1,8,1
1,9,0
1,10,1
1,11,1
1,12,1
1,13,0
1,14,1
1,15,1
1,16,1
1,17,0
1,18,1
1,19,1
1,20,1
2,1,0
2,2,1
2,3,1
2,4,1
2,5,0
2,6,1
2,7,1
2,8,1
2,9,1
2,10,1
2,11,1
2,12,1
2,13,1
2,14,1
2,15,1
2,16,1
2,17,1
2,18,1
2,19,1
2,20,1
3,1,0
3,2,1
3,3,1
3,4,1
3,5,0
3,6,1
3,7,1
3,8,1
3,9,0
3,10,0
3,11,0
3,12,0
3,13,0
3,14,1
3,15,1
3,16,1
3,17,0
3,18,0
3,19,0
3,20,0
4,1,1
4,2,1
4,3,1
4,4,1
4,5,1
4,6,1
4,7,0
4,8,1
4,9,0
4,10,1
4,11,1
4,12,1
4,13,0
4,14,1
4,15,0
4,16,1
4,17,0
4,18,1
4,19,0
4,20,1
5,1,0
5,2,0
5,3,0
5,4,1
5,5,0
5,6,1
5,7,0
5,8,1
5,9,0
5,10,0
5,11,0
5,12,1
5,13,0
5,14,0
5,15,0
5,16,0
5,17,0
5,18,0
5,19,0
5,20,0
6,1,0
6,2,0
6,3,0
6,4,0
6,5,0
6,6,1
6,7,0
6,8,1
6,9,1
6,10,0
6,11,0
6,12,0
6,13,0
6,14,1
6,15,0
6,16,0
6,17,0
6,18,0
6,19,0
6,20,0
7,1,0
7,2,0
7,3,0
7,4,0
7,5,0
7,6,0
7,7,0
7,8,1
7,9,1
7,10,0
7,11,0
7,12,0
7,13,0
7,14,0
7,15,0
7,16,0
7,17,0
7,18,0
7,19,0
7,20,0
8,1,0
8,2,0
8,3,0
8,4,1
8,5,0
8,6,0
8,7,0
8,8,1
8,9,0
8,10,0
8,11,0
8,12,0
8,13,0
8,14,0
8,15,0
8,16,0
8,17,0
8,18,0
8,19,0
8,20,0
9,1,0
9,2,0
9,3,0
9,4,0
9,5,0
9,6,0
9,7,0
9,8,0
9,9,1
9,10,0
9,11,0
9,12,1
9,13,0
9,14,1
9,15,0
9,16,0
9,17,0
9,18,0
9,19,0
9,20,0
10,1,0
10,2,0
10,3,0
10,4,0
10,5,1
10,6,0
10,7,0
10,8,1
10,9,1
10,10,0
10,11,0
10,12,1
10,13,0
10,14,0
10,15,0
10,16,0
10,17,0
10,18,0
10,19,0
10,20,0
11,1,1
11,2,1
11,3,1
11,4,0
11,5,1
11,6,1
11,7,1
11,8,1
11,9,1
11,10,0
11,11,0
11,12,1
11,13,0
11,14,1
11,15,1
11,16,1
11,17,0
11,18,1
11,19,0
11,20,0
12,1,1
12,2,1
12,3,1
12,4,1
12,5,1
12,6,1
12,7,0
12,8,1
12,9,1
12,10,1
12,11,1
12,12,1
12,13,1
12,14,0
12,15,1
12,16,1
12,17,0
12,18,1
12,19,0
12,20,0
13,1,1
13,2,0
13,3,0
13,4,0
13,5,1
13,6,1
13,7,0
13,8,1
13,9,0
13,10,0
13,11,0
13,12,1
13,13,0
13,14,0
13,15,0
13,16,0
13,17,0
13,18,0
13,19,0
13,20,1
14,1,0
14,2,0
14,3,0
14,4,1
14,5,0
14,6,0
14,7,0
14,8,1
14,9,0
14,10,0
14,11,0
14,12,1
14,13,0
14,14,0
14,15,0
14,16,0
14,17,0
14,18,0
14,19,0
14,20,0
15,1,0
15,2,0
15,3,0
15,4,0
15,5,0
15,6,1
15,7,0
15,8,0
15,9,1
15,10,0
15,11,0
15,12,0
15,13,0
15,14,1
15,15,0
15,16,0
15,17,0
15,18,0
15,19,0
15,20,0
16,1,0
16,2,0
16,3,0
16,4,0
16,5,0
16,6,1
16,7,0
16,8,0
16,9,0
16,10,0
16,11,0
16,12,1
16,13,0
16,14,1
16,15,0
16,16,0
16,17,0
16,18,0
16,19,0
16,20,1
17,1,0
17,2,1
17,3,0
17,4,1
17,5,0
17,6,1
17,7,0
17,8,1
17,9,0
17,10,0
17,11,0
17,12,0
17,13,0
17,14,0
17,15,0
17,16,0
17,17,0
17,18,0
17,19,0
17,20,0
18,1,0
18,2,0
18,3,0
18,4,0
18,5,1
18,6,0
18,7,0
18,8,0
18,9,0
18,10,0
18,11,0
18,12,1
18,13,0
18,14,0
18,15,0
18,16,1
18,17,0
18,18,0
18,19,0
18,20,0
19,1,0
19,2,0
19,3,0
19,4,0
19,5,0
19,6,1
19,7,0
19,8,0
19,9,1
19,10,0
19,11,0
19,12,1
19,13,0
19,14,1
19,15,0
19,16,0
19,17,0
19,18,0
19,19,0
19,20,0
20,1,0
20,2,0
20,3,0
20,4,0
20,5,0
20,6,0
20,7,0
20,8,1
20,9,0
20,10,0
20,11,0
20,12,0
20,13,0
20,14,0
20,15,0
20,16,0
20,17,0
20,18,0
20,19,0
20,20,0
21,1,1
21,2,1
21,3,1
21,4,1
21,5,1
21,6,1
21,7,1
21,8,1
21,9,1
21,10,0
21,11,1
21,12,1
21,13,1
21,14,1
21,15,0
21,16,1
21,17,1
21,18,1
21,19,1
21,20,0
22,1,1
22,2,1
22,3,1
22,4,1
22,5,1
22,6,1
22,7,0
22,8,1
22,9,0
22,10,1
22,11,1
22,12,1
22,13,0
22,14,1
22,15,0
22,16,1
22,17,0
22,18,1
22,19,0
22,20,1
23,1,1
23,2,1
23,3,1
23,4,1
23,5,1
23,6,1
23,7,1
23,8,1
23,9,1
23,10,1
23,11,1
23,12,1
23,13,1
23,14,1
23,15,1
23,16,1
23,17,1
23,18,1
23,19,1
23,20,1
24,1,0
24,2,0
24,3,0
24,4,0
24,5,0
24,6,1
24,7,0
24,8,0
24,9,0
24,10,1
24,11,1
24,12,0
24,13,0
24,14,1
24,15,0
24,16,1
24,17,1
24,18,1
24,19,0
24,20,1
25,1,1
25,2,1
25,3,1
25,4,1
25,5,1
25,6,1
25,7,0
25,8,1
25,9,1
25,10,1
25,11,1
25,12,1
25,13,0
25,14,1
25,15,0
25,16,0
25,17,0
25,18,0
25,19,0
25,20,0
26,1,0
26,2,0
26,3,0
26,4,0
26,5,0
26,6,0
26,7,0
26,8,0
26,9,1
26,10,0
26,11,0
26,12,0
26,13,0
26,14,0
26,15,0
26,16,0
26,17,0
26,18,0
26,19,0
26,20,0
27,1,0
27,2,0
27,3,0
27,4,0
27,5,1
27,6,1
27,7,0
27,8,0
27,9,0
27,10,0
27,11,0
27,12,0
27,13,0
27,14,1
27,15,0
27,16,1
27,17,0
27,18,0
27,19,0
27,20,0
28,1,0
28,2,0
28,3,0
28,4,0
28,5,0
28,6,0
28,7,0
28,8,0
28,9,0
28,10,0
28,11,0
28,12,0
28,13,0
28,14,0
28,15,0
28,16,0
28,17,0
28,18,0
28,19,0
28,20,0
29,1,0
29,2,0
29,3,0
29,4,0
29,5,0
29,6,1
29,7,0
29,8,1
29,9,1
29,10,0
29,11,0
29,12,0
29,13,0
29,14,1
29,15,0
29,16,1
29,17,0
29,18,0
29,19,0
29,20,0
30,1,1
30,2,1
30,3,1
30,4,1
30,5,1
30,6,1
30,7,1
30,8,1
30,9,1
30,10,1
30,11,1
30,12,1
30,13,1
30,14,1
30,15,1
30,16,1
30,17,1
30,18,1
30,19,1
30,20,1
31,1,1
31,2,0
31,3,0
31,4,1
31,5,1
31,6,1
31,7,1
31,8,1
31,9,1
31,10,0
31,11,1
31,12,1
31,13,0
31,14,1
31,15,1
31,16,1
31,17,1
31,18,1
31,19,1
31,20,0
32,1,1
32,2,1
32,3,1
32,4,1
32,5,1
32,6,1
32,7,1
32,8,1
32,9,1
32,10,1
32,11,1
32,12,1
32,13,1
32,14,1
32,15,1
32,16,1
32,17,1
32,18,1
32,19,1
32,20,1
33,1,1
33,2,1
33,3,1
33,4,1
33,5,1
33,6,1
33,7,1
33,8,1
33,9,0
33,10,1
33,11,1
33,12,1
33,13,1
33,14,0
33,15,1
33,16,1
33,17,1
33,18,1
33,19,1
33,20,1
34,1,0
34,2,0
34,3,0
34,4,1
34,5,0
34,6,1
34,7,1
34,8,1
34,9,1
34,10,1
34,11,0
34,12,1
34,13,0
34,14,1
34,15,1
34,16,1
34,17,1
34,18,1
34,19,1
34,20,1
35,1,1
35,2,1
35,3,1
35,4,1
35,5,1
35,6,1
35,7,0
35,8,1
35,9,0
35,10,1
35,11,1
35,12,1
35,13,1
35,14,1
35,15,1
35,16,1
35,17,0
35,18,1
35,19,1
35,20,1
36,1,1
36,2,1
36,3,1
36,4,0
36,5,1
36,6,1
36,7,0
36,8,0
36,9,1
36,10,1
36,11,0
36,12,0
36,13,1
36,14,1
36,15,1
36,16,1
36,17,0
36,18,1
36,19,0
36,20,0
37,1,0
37,2,0
37,3,0
37,4,1
37,5,0
37,6,0
37,7,0
37,8,1
37,9,0
37,10,0
37,11,0
37,12,1
37,13,0
37,14,1
37,15,1
37,16,1
37,17,1
37,18,0
37,19,0
37,20,1
38,1,1
38,2,1
38,3,1
38,4,1
38,5,1
38,6,1
38,7,1
38,8,1
38,9,0
38,10,0
38,11,0
38,12,0
38,13,0
38,14,1
38,15,1
38,16,1
38,17,0
38,18,0
38,19,0
38,20,0
39,1,1
39,2,1
39,3,1
39,4,1
39,5,1
39,6,1
39,7,1
39,8,1
39,9,1
39,10,1
39,11,1
39,12,1
39,13,1
39,14,1
39,15,1
39,16,1
39,17,0
39,18,0
39,19,1
39,20,1
40,1,0
40,2,0
40,3,0
40,4,0
40,5,1
40,6,0
40,7,0
40,8,0
40,9,1
40,10,0
40,11,0
40,12,1
40,13,0
40,14,1
40,15,0
40,16,1
40,17,0
40,18,0
40,19,0
40,20,0
41,1,0
41,2,0
41,3,0
41,4,0
41,5,0
41,6,0
41,7,0
41,8,0
41,9,1
41,10,0
41,11,0
41,12,0
41,13,0
41,14,0
41,15,0
41,16,0
41,17,0
41,18,0
41,19,0
41,20,0
42,1,1
42,2,1
42,3,1
42,4,1
42,5,1
42,6,1
42,7,1
42,8,1
42,9,1
42,10,1
42,11,1
42,12,1
42,13,1
42,14,1
42,15,1
42,16,1
42,17,1
42,18,1
42,19,1
42,20,1
43,1,1
43,2,1
43,3,1
43,4,1
43,5,1
43,6,1
43,7,1
43,8,1
43,9,1
43,10,1
43,11,1
43,12,1
43,13,1
43,14,1
43,15,1
43,16,1
43,17,1
43,18,1
43,19,0
43,20,1
44,1,0
44,2,0
44,3,0
44,4,0
44,5,0
44,6,1
44,7,0
44,8,0
44,9,0
44,10,0
44,11,0
44,12,1
44,13,0
44,14,0
44,15,0
44,16,0
44,17,0
44,18,0
44,19,0
44,20,0
45,1,1
45,2,1
45,3,1
45,4,1
45,5,0
45,6,1
45,7,1
45,8,1
45,9,1
45,10,1
45,11,1
45,12,1
45,13,0
45,14,1
45,15,1
45,16,0
45,17,1
45,18,1
45,19,1
45,20,1
46,1,1
46,2,1
46,3,0
46,4,1
46,5,0
46,6,1
46,7,0
46,8,1
46,9,1
46,10,1
46,11,1
46,12,1
46,13,0
46,14,1
46,15,1
46,16,0
46,17,1
46,18,0
46,19,1
46,20,1
47,1,0
47,2,0
47,3,0
47,4,0
47,5,0
47,6,1
47,7,0
47,8,0
47,9,1
47,10,0
47,11,0
47,12,1
47,13,0
47,14,1
47,15,0
47,16,0
47,17,0
47,18,0
47,19,0
47,20,0
48,1,0
48,2,0
48,3,0
48,4,0
48,5,0
48,6,1
48,7,0
48,8,0
48,9,0
48,10,0
48,11,1
48,12,1
48,13,0
48,14,1
48,15,0
48,16,0
48,17,1
48,18,1
48,19,0
48,20,0
49,1,0
49,2,0
49,3,0
49,4,0
49,5,1
49,6,0
49,7,0
49,8,0
49,9,1
49,10,0
49,11,0
49,12,0
49,13,0
49,14,0
49,15,0
49,16,0
49,17,0
49,18,0
49,19,0
49,20,0
50,1,0
50,2,0
50,3,0
50,4,1
50,5,0
50,6,1
50,7,1
50,8,1
50,9,1
50,10,0
50,11,1
50,12,1
50,13,1
50,14,1
50,15,1
50,16,0
50,17,1
50,18,1
50,19,1
50,20,1
51,1,0
51,2,0
51,3,0
51,4,0
51,5,1
51,6,0
51,7,0
51,8,0
51,9,0
51,10,0
51,11,0
51,12,0
51,13,0
51,14,0
51,15,0
51,16,0
51,17,0
51,18,0
51,19,0
51,20,0
52,1,1
52,2,1
52,3,1
52,4,0
52,5,0
52,6,1
52,7,0
52,8,0
52,9,1
52,10,0
52,11,0
52,12,0
52,13,0
52,14,1
52,15,0
52,16,0
52,17,0
52,18,0
52,19,0
52,20,0
53,1,0
53,2,1
53,3,0
53,4,0
53,5,0
53,6,1
53,7,0
53,8,1
53,9,0
53,10,0
53,11,0
53,12,1
53,13,0
53,14,0
53,15,1
53,16,0
53,17,0
53,18,0
53,19,0
53,20,0
54,1,0
54,2,1
54,3,1
54,4,1
54,5,1
54,6,1
54,7,1
54,8,1
54,9,1
54,10,1
54,11,1
54,12,1
54,13,0
54,14,1
54,15,1
54,16,1
54,17,1
54,18,1
54,19,1
54,20,1
55,1,0
55,2,0
55,3,0
55,4,1
55,5,0
55,6,1
55,7,0
55,8,1
55,9,1
55,10,0
55,11,1
55,12,1
55,13,0
55,14,1
55,15,0
55,16,1
55,17,1
55,18,0
55,19,0
55,20,1
56,1,1
56,2,1
56,3,1
56,4,1
56,5,1
56,6,1
56,7,1
56,8,1
56,9,1
56,10,1
56,11,1
56,12,1
56,13,1
56,14,1
56,15,1
56,16,1
56,17,1
56,18,1
56,19,1
56,20,1
57,1,1
57,2,1
57,3,1
57,4,1
57,5,1
57,6,1
57,7,1
57,8,1
57,9,1
57,10,1
57,11,1
57,12,1
57,13,0
57,14,1
57,15,1
57,16,1
57,17,1
57,18,1
57,19,1
57,20,1
58,1,0
58,2,0
58,3,0
58,4,0
58,5,0
58,6,0
58,7,0
58,8,0
58,9,1
58,10,0
58,11,0
58,12,0
58,13,0
58,14,0
58,15,0
58,16,0
58,17,0
58,18,0
58,19,0
58,20,0
59,1,0
59,2,0
59,3,0
59,4,0
59,5,1
59,6,1
59,7,0
59,8,0
59,9,1
59,10,0
59,11,0
59,12,1
59,13,0
59,14,0
59,15,0
59,16,1
59,17,0
59,18,0
59,19,0
59,20,0
60,1,1
60,2,1
60,3,1
60,4,0
60,5,0
60,6,1
60,7,0
60,8,0
60,9,0
60,10,1
60,11,1
60,12,1
60,13,0
60,14,1
60,15,1
60,16,1
60,17,1
60,18,1
60,19,1
60,20,1
61,1,0
61,2,0
61,3,0
61,4,0
61,5,0
61,6,1
61,7,0
61,8,1
61,9,0
61,10,0
61,11,0
61,12,0
61,13,0
61,14,0
61,15,0
61,16,1
61,17,0
61,18,0
61,19,0
61,20,0
62,1,0
62,2,0
62,3,0
62,4,0
62,5,1
62,6,0
62,7,0
62,8,0
62,9,0
62,10,0
62,11,0
62,12,0
62,13,0
62,14,0
62,15,0
62,16,0
62,17,0
62,18,0
62,19,0
62,20,0
63,1,1
63,2,1
63,3,1
63,4,0
63,5,1
63,6,1
63,7,1
63,8,1
63,9,1
63,10,0
63,11,1
63,12,1
63,13,1
63,14,1
63,15,0
63,16,1
63,17,0
63,18,1
63,19,0
63,20,0
64,1,1
64,2,1
64,3,1
64,4,1
64,5,1
64,6,1
64,7,1
64,8,1
64,9,1
64,10,1
64,11,1
64,12,1
64,13,0
64,14,1
64,15,1
64,16,1
64,17,1
64,18,1
64,19,0
64,20,0
65,1,1
65,2,1
65,3,1
65,4,1
65,5,1
65,6,1
65,7,0
65,8,1
65,9,1
65,10,0
65,11,0
65,12,1
65,13,1
65,14,1
65,15,1
65,16,1
65,17,0
65,18,0
65,19,0
65,20,0
66,1,0
66,2,0
66,3,0
66,4,1
66,5,0
66,6,0
66,7,0
66,8,1
66,9,0
66,10,1
66,11,1
66,12,1
66,13,0
66,14,1
66,15,0
66,16,1
66,17,0
66,18,1
66,19,0
66,20,1
67,1,1
67,2,1
67,3,1
67,4,0
67,5,1
67,6,1
67,7,1
67,8,0
67,9,1
67,10,0
67,11,0
67,12,1
67,13,0
67,14,1
67,15,1
67,16,1
67,17,0
67,18,1
67,19,1
67,20,0
68,1,0
68,2,0
68,3,0
68,4,0
68,5,0
68,6,0
68,7,0
68,8,0
68,9,1
68,10,0
68,11,0
68,12,0
68,13,0
68,14,0
68,15,0
68,16,0
68,17,0
68,18,0
68,19,0
68,20,0
69,1,0
69,2,0
69,3,0
69,4,0
69,5,0
69,6,0
69,7,0
69,8,0
69,9,0
69,10,0
69,11,0
69,12,0
69,13,0
69,14,0
69,15,0
69,16,0
69,17,0
69,18,0
69,19,0
69,20,0
70,1,0
70,2,0
70,3,0
70,4,0
70,5,0
70,6,0
70,7,1
70,8,1
70,9,0
70,10,0
70,11,0
70,12,1
70,13,0
70,14,1
70,15,1
70,16,0
70,17,0
70,18,1
70,19,0
70,20,0
71,1,0
71,2,0
71,3,0
71,4,0
71,5,1
71,6,1
71,7,0
71,8,0
71,9,1
71,10,0
71,11,0
71,12,0
71,13,0
71,14,1
71,15,0
71,16,1
71,17,0
71,18,0
71,19,0
71,20,0
72,1,0
72,2,0
72,3,0
72,4,0
72,5,1
72,6,1
72,7,0
72,8,1
72,9,1
72,10,0
72,11,0
72,12,0
72,13,0
72,14,1
72,15,0
72,16,0
72,17,0
72,18,0
72,19,0
72,20,0
73,1,0
73,2,0
73,3,0
73,4,0
73,5,0
73,6,0
73,7,0
73,8,1
73,9,0
73,10,0
73,11,0
73,12,0
73,13,0
73,14,0
73,15,0
73,16,0
73,17,0
73,18,0
73,19,0
73,20,0
74,1,1
74,2,1
74,3,1
74,4,0
74,5,1
74,6,1
74,7,0
74,8,0
74,9,1
74,10,1
74,11,1
74,12,1
74,13,1
74,14,1
74,15,1
74,16,1
74,17,1
74,18,1
74,19,0
74,20,0
75,1,0
75,2,0
75,3,0
75,4,0
75,5,0
75,6,1
75,7,0
75,8,1
75,9,0
75,10,0
75,11,0
75,12,1
75,13,0
75,14,0
75,15,0
75,16,1
75,17,0
75,18,0
75,19,0
75,20,0
76,1,0
76,2,0
76,3,0
76,4,0
76,5,0
76,6,0
76,7,0
76,8,0
76,9,0
76,10,0
76,11,0
76,12,0
76,13,0
76,14,0
76,15,0
76,16,0
76,17,0
76,18,0
76,19,0
76,20,0
77,1,0
77,2,1
77,3,0
77,4,0
77,5,1
77,6,1
77,7,0
77,8,1
77,9,1
77,10,0
77,11,0
77,12,0
77,13,0
77,14,1
77,15,0
77,16,1
77,17,0
77,18,0
77,19,0
77,20,0
78,1,1
78,2,1
78,3,1
78,4,0
78,5,0
78,6,1
78,7,0
78,8,1
78,9,0
78,10,1
78,11,1
78,12,1
78,13,1
78,14,1
78,15,0
78,16,1
78,17,1
78,18,1
78,19,0
78,20,1
79,1,1
79,2,1
79,3,1
79,4,1
79,5,1
79,6,1
79,7,1
79,8,1
79,9,1
79,10,1
79,11,1
79,12,1
79,13,1
79,14,1
79,15,1
79,16,1
79,17,1
79,18,1
79,19,1
79,20,1
80,1,0
80,2,0
80,3,0
80,4,1
80,5,1
80,6,1
80,7,1
80,8,1
80,9,1
80,10,1
80,11,1
80,12,1
80,13,0
80,14,1
80,15,0
80,16,0
80,17,1
80,18,1
80,19,1
80,20,1
81,1,0
81,2,0
81,3,0
81,4,1
81,5,0
81,6,0
81,7,0
81,8,1
81,9,0
81,10,0
81,11,0
81,12,1
81,13,0
81,14,1
81,15,0
81,16,0
81,17,0
81,18,0
81,19,0
81,20,0
82,1,1
82,2,1
82,3,1
82,4,1
82,5,0
82,6,1
82,7,1
82,8,1
82,9,1
82,10,0
82,11,1
82,12,0
82,13,0
82,14,1
82,15,1
82,16,1
82,17,1
82,18,1
82,19,1
82,20,1
83,1,0
83,2,0
83,3,0
83,4,0
83,5,0
83,6,0
83,7,0
83,8,0
83,9,1
83,10,0
83,11,0
83,12,0
83,13,0
83,14,0
83,15,0
83,16,0
83,17,0
83,18,0
83,19,0
83,20,0
84,1,1
84,2,1
84,3,1
84,4,0
84,5,0
84,6,1
84,7,0
84,8,0
84,9,0
84,10,0
84,11,0
84,12,1
84,13,0
84,14,1
84,15,0
84,16,0
84,17,0
84,18,0
84,19,0
84,20,0
85,1,1
85,2,1
85,3,1
85,4,0
85,5,1
85,6,1
85,7,0
85,8,1
85,9,1
85,10,0
85,11,0
85,12,1
85,13,0
85,14,0
85,15,1
85,16,0
85,17,0
85,18,1
85,19,0
85,20,0
86,1,1
86,2,1
86,3,0
86,4,1
86,5,0
86,6,1
86,7,1
86,8,1
86,9,0
86,10,0
86,11,1
86,12,1
86,13,0
86,14,1
86,15,1
86,16,0
86,17,1
86,18,1
86,19,0
86,20,1
87,1,1
87,2,1
87,3,0
87,4,1
87,5,1
87,6,1
87,7,0
87,8,1
87,9,1
87,10,1
87,11,1
87,12,1
87,13,1
87,14,0
87,15,0
87,16,1
87,17,1
87,18,1
87,19,0
87,20,1
88,1,1
88,2,0
88,3,1
88,4,1
88,5,1
88,6,1
88,7,1
88,8,1
88,9,1
88,10,1
88,11,1
88,12,1
88,13,1
88,14,0
88,15,1
88,16,1
88,17,1
88,18,1
88,19,1
88,20,1
89,1,1
89,2,1
89,3,1
89,4,1
89,5,1
89,6,1
89,7,1
89,8,1
89,9,1
89,10,1
89,11,1
89,12,1
89,13,1
89,14,1
89,15,1
89,16,1
89,17,1
89,18,1
89,19,1
89,20,1
90,1,1
90,2,1
90,3,1
90,4,1
90,5,1
90,6,1
90,7,1
90,8,1
90,9,0
90,10,1
90,11,1
90,12,1
90,13,1
90,14,1
90,15,0
90,16,1
90,17,1
90,18,1
90,19,1
90,20,1
91,1,1
91,2,1
91,3,1
91,4,1
91,5,0
91,6,1
91,7,1
91,8,1
91,9,1
91,10,0
91,11,0
91,12,1
91,13,0
91,14,1
91,15,1
91,16,1
91,17,0
91,18,0
91,19,1
91,20,0
92,1,0
92,2,0
92,3,0
92,4,0
92,5,0
92,6,0
92,7,0
92,8,1
92,9,0
92,10,0
92,11,0
92,12,1
92,13,0
92,14,0
92,15,0
92,16,1
92,17,0
92,18,0
92,19,0
92,20,0
93,1,1
93,2,1
93,3,1
93,4,1
93,5,1
93,6,1
93,7,1
93,8,1
93,9,0
93,10,1
93,11,1
93,12,1
93,13,1
93,14,1
93,15,1
93,16,1
93,17,1
93,18,1
93,19,0
93,20,1
94,1,1
94,2,1
94,3,1
94,4,1
94,5,1
94,6,1
94,7,1
94,8,1
94,9,1
94,10,1
94,11,1
94,12,1
94,13,1
94,14,1
94,15,1
94,16,1
94,17,1
94,18,0
94,19,1
94,20,1
95,1,1
95,2,1
95,3,1
95,4,1
95,5,1
95,6,1
95,7,1
95,8,1
95,9,1
95,10,1
95,11,1
95,12,1
95,13,1
95,14,1
95,15,1
95,16,1
95,17,1
95,18,1
95,19,1
95,20,1
96,1,0
96,2,1
96,3,1
96,4,1
96,5,0
96,6,1
96,7,1
96,8,1
96,9,1
96,10,1
96,11,1
96,12,1
96,13,1
96,14,1
96,15,1
96,16,1
96,17,1
96,18,1
96,19,1
96,20,1
97,1,0
97,2,0
97,3,0
97,4,0
97,5,1
97,6,1
97,7,0
97,8,1
97,9,0
97,10,0
97,11,1
97,12,1
97,13,0
97,14,1
97,15,0
97,16,1
97,17,1
97,18,0
97,19,0
97,20,1
98,1,0
98,2,0
98,3,0
98,4,0
98,5,0
98,6,0
98,7,0
98,8,0
98,9,1
98,10,0
98,11,0
98,12,1
98,13,0
98,14,0
98,15,0
98,16,1
98,17,0
98,18,0
98,19,0
98,20,0
99,1,1
99,2,1
99,3,1
99,4,1
99,5,1
99,6,1
99,7,1
99,8,1
99,9,0
99,10,1
99,11,1
99,12,1
99,13,1
99,14,1
99,15,1
99,16,1
99,17,0
99,18,1
99,19,1
99,20,1
100,1,0
100,2,0
100,3,0
100,4,1
100,5,0
100,6,1
100,7,0
100,8,1
100,9,0
100,10,0
100,11,0
100,12,0
100,13,0
100,14,0
100,15,0
100,16,0
100,17,0
100,18,0
100,19,0
100,20,0
101,1,1
101,2,0
101,3,0
101,4,0
101,5,1
101,6,1
101,7,0
101,8,0
101,9,1
101,10,0
101,11,0
101,12,0
101,13,0
101,14,0
101,15,0
101,16,1
101,17,0
101,18,0
101,19,0
101,20,0
102,1,1
102,2,1
102,3,1
102,4,0
102,5,1
102,6,1
102,7,1
102,8,1
102,9,1
102,10,1
102,11,1
102,12,1
102,13,1
102,14,1
102,15,1
102,16,1
102,17,1
102,18,1
102,19,1
102,20,1
103,1,0
103,2,0
103,3,0
103,4,0
103,5,1
103,6,1
103,7,0
103,8,0
103,9,1
103,10,0
103,11,0
103,12,0
103,13,0
103,14,1
103,15,0
103,16,1
103,17,0
103,18,0
103,19,0
103,20,0
104,1,0
104,2,1
104,3,1
104,4,1
104,5,1
104,6,1
104,7,1
104,8,1
104,9,1
104,10,1
104,11,1
104,12,1
104,13,1
104,14,1
104,15,1
104,16,1
104,17,1
104,18,1
104,19,1
104,20,1
105,1,0
105,2,1
105,3,1
105,4,1
105,5,1
105,6,1
105,7,1
105,8,1
105,9,1
105,10,1
105,11,1
105,12,1
105,13,1
105,14,1
105,15,1
105,16,0
105,17,1
105,18,0
105,19,0
105,20,0
106,1,1
106,2,1
106,3,0
106,4,0
106,5,1
106,6,1
106,7,0
106,8,0
106,9,1
106,10,0
106,11,0
106,12,1
106,13,0
106,14,1
106,15,0
106,16,1
106,17,0
106,18,1
106,19,0
106,20,0
107,1,1
107,2,1
107,3,1
107,4,1
107,5,0
107,6,1
107,7,0
107,8,1
107,9,0
107,10,0
107,11,0
107,12,0
107,13,0
107,14,0
107,15,0
107,16,0
107,17,0
107,18,0
107,19,0
107,20,0
108,1,1
108,2,1
108,3,1
108,4,1
108,5,1
108,6,1
108,7,1
108,8,1
108,9,1
108,10,1
108,11,1
108,12,1
108,13,1
108,14,1
108,15,1
108,16,1
108,17,1
108,18,1
108,19,1
108,20,1
109,1,1
109,2,1
109,3,1
109,4,0
109,5,1
109,6,1
109,7,0
109,8,1
109,9,1
109,10,0
109,11,0
109,12,1
109,13,0
109,14,1
109,15,0
109,16,1
109,17,0
109,18,1
109,19,1
109,20,0
110,1,1
110,2,1
110,3,1
110,4,1
110,5,1
110,6,1
110,7,0
110,8,1
110,9,0
110,10,1
110,11,1
110,12,1
110,13,0
110,14,0
110,15,1
110,16,1
110,17,1
110,18,1
110,19,0
110,20,0
111,1,0
111,2,0
111,3,0
111,4,0
111,5,0
111,6,1
111,7,0
111,8,1
111,9,0
111,10,0
111,11,0
111,12,1
111,13,0
111,14,0
111,15,0
111,16,0
111,17,0
111,18,0
111,19,0
111,20,0
112,1,0
112,2,0
112,3,0
112,4,0
112,5,0
112,6,0
112,7,0
112,8,0
112,9,0
112,10,0
112,11,0
112,12,0
112,13,0
112,14,0
112,15,0
112,16,0
112,17,0
112,18,0
112,19,0
112,20,0
113,1,1
113,2,0
113,3,0
113,4,0
113,5,1
113,6,1
113,7,1
113,8,1
113,9,0
113,10,1
113,11,0
113,12,1
113,13,0
113,14,1
113,15,1
113,16,1
113,17,0
113,18,0
113,19,0
113,20,0
114,1,0
114,2,0
114,3,0
114,4,0
114,5,0
114,6,1
114,7,0
114,8,0
114,9,0
114,10,1
114,11,1
114,12,1
114,13,0
114,14,1
114,15,0
114,16,1
114,17,1
114,18,1
114,19,0
114,20,1
115,1,1
115,2,1
115,3,0
115,4,1
115,5,1
115,6,1
115,7,1
115,8,1
115,9,0
115,10,1
115,11,0
115,12,0
115,13,1
115,14,1
115,15,0
115,16,1
115,17,0
115,18,1
115,19,1
115,20,0
116,1,0
116,2,1
116,3,1
116,4,1
116,5,1
116,6,1
116,7,1
116,8,1
116,9,1
116,10,1
116,11,1
116,12,1
116,13,1
116,14,1
116,15,1
116,16,1
116,17,1
116,18,1
116,19,1
116,20,1
117,1,0
117,2,0
117,3,0
117,4,0
117,5,0
117,6,0
117,7,0
117,8,0
117,9,1
117,10,0
117,11,0
117,12,0
117,13,0
117,14,0
117,15,0
117,16,0
117,17,0
117,18,0
117,19,0
117,20,0
118,1,0
118,2,0
118,3,0
118,4,1
118,5,0
118,6,1
118,7,0
118,8,1
118,9,0
118,10,0
118,11,1
118,12,1
118,13,0
118,14,1
118,15,0
118,16,1
118,17,0
118,18,1
118,19,0
118,20,1
119,1,0
119,2,0
119,3,0
119,4,1
119,5,0
119,6,1
119,7,1
119,8,1
119,9,1
119,10,1
119,11,1
119,12,1
119,13,0
119,14,1
119,15,1
119,16,1
119,17,0
119,18,1
119,19,1
119,20,1
120,1,0
120,2,0
120,3,0
120,4,0
120,5,0
120,6,0
120,7,0
120,8,0
120,9,0
120,10,0
120,11,0
120,12,0
120,13,0
120,14,0
120,15,0
120,16,0
120,17,0
120,18,0
120,19,0
120,20,0
121,1,0
121,2,0
121,3,0
121,4,1
121,5,1
121,6,0
121,7,0
121,8,1
121,9,0
121,10,0
121,11,0
121,12,0
121,13,0
121,14,0
121,15,0
121,16,0
121,17,0
121,18,0
121,19,0
121,20,0
122,1,0
122,2,0
122,3,0
122,4,0
122,5,0
122,6,1
122,7,0
122,8,0
122,9,1
122,10,0
122,11,0
122,12,1
122,13,0
122,14,0
122,15,0
122,16,1
122,17,0
122,18,1
122,19,0
122,20,0
123,1,0
123,2,0
123,3,0
123,4,0
123,5,0
123,6,1
123,7,0
123,8,0
123,9,0
123,10,0
123,11,0
123,12,0
123,13,0
123,14,1
123,15,0
123,16,1
123,17,0
123,18,0
123,19,0
123,20,0
124,1,1
124,2,1
124,3,1
124,4,1
124,5,1
124,6,1
124,7,1
124,8,1
124,9,1
124,10,1
124,11,1
124,12,1
124,13,1
124,14,1
124,15,1
124,16,1
124,17,1
124,18,1
124,19,1
124,20,1
125,1,1
125,2,1
125,3,1
125,4,0
125,5,1
125,6,1
125,7,0
125,8,0
125,9,0
125,10,1
125,11,1
125,12,1
125,13,1
125,14,1
125,15,0
125,16,1
125,17,1
125,18,0
125,19,1
125,20,1
126,1,1
126,2,1
126,3,0
126,4,1
126,5,1
126,6,1
126,7,0
126,8,1
126,9,0
126,10,1
126,11,1
126,12,1
126,13,1
126,14,1
126,15,1
126,16,1
126,17,1
126,18,1
126,19,1
126,20,1
127,1,1
127,2,1
127,3,1
127,4,1
127,5,1
127,6,1
127,7,0
127,8,1
127,9,1
127,10,1
127,11,1
127,12,1
127,13,1
127,14,1
127,15,1
127,16,1
127,17,1
127,18,1
127,19,1
127,20,1
128,1,0
128,2,0
128,3,0
128,4,1
128,5,1
128,6,1
128,7,1
128,8,1
128,9,1
128,10,1
128,11,1
128,12,1
128,13,1
128,14,1
128,15,1
128,16,1
128,17,1
128,18,1
128,19,1
128,20,1
129,1,0
129,2,0
129,3,0
129,4,1
129,5,0
129,6,1
129,7,0
129,8,1
129,9,0
129,10,1
129,11,1
129,12,1
129,13,0
129,14,1
129,15,0
129,16,1
129,17,1
129,18,0
129,19,0
129,20,0
130,1,1
130,2,1
130,3,1
130,4,1
130,5,1
130,6,0
130,7,1
130,8,1
130,9,1
130,10,1
130,11,1
130,12,1
130,13,1
130,14,1
130,15,0
130,16,1
130,17,1
130,18,1
130,19,1
130,20,1
131,1,0
131,2,0
131,3,0
131,4,0
131,5,0
131,6,1
131,7,0
131,8,0
131,9,0
131,10,0
131,11,0
131,12,1
131,13,0
131,14,0
131,15,0
131,16,1
131,17,1
131,18,0
131,19,0
131,20,0
132,1,0
132,2,1
132,3,0
132,4,1
132,5,1
132,6,1
132,7,0
132,8,1
132,9,1
132,10,1
132,11,1
132,12,1
132,13,1
132,14,1
132,15,0
132,16,1
132,17,1
132,18,1
132,19,0
132,20,0
133,1,0
133,2,0
133,3,0
133,4,0
133,5,1
133,6,1
133,7,1
133,8,1
133,9,1
133,10,0
133,11,0
133,12,1
133,13,0
133,14,0
133,15,1
133,16,0
133,17,0
133,18,0
133,19,0
133,20,0
134,1,0
134,2,0
134,3,0
134,4,0
134,5,0
134,6,0
134,7,0
134,8,1
134,9,0
134,10,0
134,11,0
134,12,0
134,13,0
134,14,0
134,15,0
134,16,0
134,17,0
134,18,0
134,19,0
134,20,0
135,1,0
135,2,0
135,3,0
135,4,0
135,5,1
135,6,0
135,7,0
135,8,1
135,9,0
135,10,0
135,11,0
135,12,0
135,13,0
135,14,0
135,15,0
135,16,0
135,17,0
135,18,0
135,19,0
135,20,0
136,1,1
136,2,1
136,3,1
136,4,1
136,5,1
136,6,1
136,7,1
136,8,1
136,9,1
136,10,1
136,11,1
136,12,1
136,13,1
136,14,1
136,15,1
136,16,1
136,17,1
136,18,0
136,19,1
136,20,1
137,1,0
137,2,1
137,3,1
137,4,0
137,5,0
137,6,1
137,7,0
137,8,1
137,9,0
137,10,0
137,11,1
137,12,0
137,13,0
137,14,1
137,15,1
137,16,1
137,17,1
137,18,1
137,19,0
137,20,1
138,1,1
138,2,1
138,3,1
138,4,1
138,5,1
138,6,1
138,7,1
138,8,1
138,9,1
138,10,0
138,11,1
138,12,1
138,13,1
138,14,1
138,15,1
138,16,1
138,17,1
138,18,1
138,19,1
138,20,1
139,1,0
139,2,0
139,3,0
139,4,0
139,5,1
139,6,0
139,7,0
139,8,0
139,9,1
139,10,0
139,11,0
139,12,0
139,13,0
139,14,0
139,15,0
139,16,0
139,17,0
139,18,0
139,19,0
139,20,0
140,1,1
140,2,1
140,3,1
140,4,1
140,5,1
140,6,1
140,7,1
140,8,1
140,9,1
140,10,1
140,11,0
140,12,1
140,13,1
140,14,1
140,15,1
140,16,1
140,17,1
140,18,1
140,19,1
140,20,1
141,1,1
141,2,1
141,3,1
141,4,1
141,5,1
141,6,1
141,7,1
141,8,1
141,9,1
141,10,0
141,11,1
141,12,1
141,13,0
141,14,0
141,15,1
141,16,1
141,17,0
141,18,0
141,19,0
141,20,0
142,1,1
142,2,1
142,3,0
142,4,1
142,5,1
142,6,1
142,7,1
142,8,1
142,9,1
142,10,1
142,11,1
142,12,1
142,13,1
142,14,1
142,15,1
142,16,1
142,17,1
142,18,0
142,19,1
142,20,1
143,1,0
143,2,0
143,3,0
143,4,0
143,5,0
143,6,1
143,7,0
143,8,1
143,9,0
143,10,0
143,11,0
143,12,1
143,13,0
143,14,0
143,15,0
143,16,0
143,17,0
143,18,0
143,19,0
143,20,0
144,1,0
144,2,0
144,3,0
144,4,0
144,5,1
144,6,1
144,7,0
144,8,1
144,9,0
144,10,0
144,11,1
144,12,0
144,13,0
144,14,0
144,15,0
144,16,0
144,17,0
144,18,0
144,19,0
144,20,0
145,1,0
145,2,0
145,3,0
145,4,0
145,5,0
145,6,1
145,7,0
145,8,0
145,9,0
145,10,0
145,11,1
145,12,1
145,13,0
145,14,1
145,15,0
145,16,0
145,17,0
145,18,0
145,19,0
145,20,0
146,1,0
146,2,1
146,3,1
146,4,1
146,5,1
146,6,1
146,7,0
146,8,1
146,9,0
146,10,1
146,11,0
146,12,1
146,13,1
146,14,1
146,15,1
146,16,1
146,17,1
146,18,1
146,19,1
146,20,1
147,1,1
147,2,1
147,3,1
147,4,1
147,5,1
147,6,1
147,7,1
147,8,1
147,9,0
147,10,1
147,11,1
147,12,1
147,13,1
147,14,1
147,15,1
147,16,1
147,17,1
147,18,1
147,19,1
147,20,0
148,1,0
148,2,0
148,3,0
148,4,0
148,5,0
148,6,0
148,7,0
148,8,0
148,9,0
148,10,0
148,11,0
148,12,0
148,13,0
148,14,0
148,15,0
148,16,0
148,17,0
148,18,0
148,19,0
148,20,0
149,1,0
149,2,1
149,3,1
149,4,1
149,5,1
149,6,1
149,7,0
149,8,1
149,9,1
149,10,1
149,11,0
149,12,1
149,13,1
149,14,1
149,15,0
149,16,1
149,17,1
149,18,1
149,19,0
149,20,1
150,1,1
150,2,1
150,3,1
150,4,1
150,5,1
150,6,1
150,7,1
150,8,1
150,9,1
150,10,1
150,11,1
150,12,1
150,13,1
150,14,1
150,15,1
150,16,1
150,17,1
150,18,1
150,19,1
150,20,1
151,1,1
151,2,1
151,3,1
151,4,1
151,5,1
151,6,1
151,7,1
151,8,1
151,9,0
151,10,1
151,11,1
151,12,1
151,13,1
151,14,1
151,15,1
151,16,1
151,17,0
151,18,0
151,19,1
151,20,1
152,1,1
152,2,0
152,3,1
152,4,1
152,5,1
152,6,1
152,7,1
152,8,1
152,9,1
152,10,1
152,11,1
152,12,1
152,13,1
152,14,1
152,15,1
152,16,1
152,17,1
152,18,1
152,19,1
152,20,1
153,1,1
153,2,1
153,3,0
153,4,0
153,5,1
153,6,1
153,7,1
153,8,1
153,9,1
153,10,1
153,11,1
153,12,1
153,13,1
153,14,1
153,15,1
153,16,1
153,17,1
153,18,0
153,19,1
153,20,1
154,1,1
154,2,1
154,3,1
154,4,0
154,5,1
154,6,1
154,7,1
154,8,1
154,9,1
154,10,1
154,11,1
154,12,0
154,13,1
154,14,1
154,15,1
154,16,1
154,17,1
154,18,1
154,19,1
154,20,1
155,1,0
155,2,1
155,3,1
155,4,1
155,5,1
155,6,1
155,7,1
155,8,1
155,9,1
155,10,1
155,11,1
155,12,1
155,13,1
155,14,0
155,15,1
155,16,1
155,17,0
155,18,1
155,19,1
155,20,1
156,1,1
156,2,1
156,3,1
156,4,1
156,5,1
156,6,1
156,7,1
156,8,1
156,9,0
156,10,0
156,11,1
156,12,1
156,13,1
156,14,1
156,15,1
156,16,1
156,17,1
156,18,1
156,19,1
156,20,1
157,1,0
157,2,1
157,3,1
157,4,1
157,5,1
157,6,1
157,7,1
157,8,1
157,9,1
157,10,1
157,11,1
157,12,1
157,13,1
157,14,1
157,15,1
157,16,1
157,17,0
157,18,1
157,19,1
157,20,0
158,1,0
158,2,0
158,3,0
158,4,1
158,5,0
158,6,1
158,7,0
158,8,0
158,9,0
158,10,1
158,11,1
158,12,1
158,13,0
158,14,1
158,15,0
158,16,0
158,17,1
158,18,1
158,19,0
158,20,1
159,1,0
159,2,1
159,3,1
159,4,1
159,5,0
159,6,1
159,7,1
159,8,1
159,9,1
159,10,0
159,11,0
159,12,1
159,13,0
159,14,1
159,15,1
159,16,1
159,17,0
159,18,0
159,19,1
159,20,0
160,1,1
160,2,1
160,3,1
160,4,1
160,5,1
160,6,1
160,7,1
160,8,1
160,9,1
160,10,0
160,11,1
160,12,1
160,13,1
160,14,1
160,15,1
160,16,1
160,17,1
160,18,1
160,19,0
160,20,1
161,1,1
161,2,1
161,3,1
161,4,1
161,5,1
161,6,1
161,7,0
161,8,1
161,9,1
161,10,1
161,11,1
161,12,1
161,13,1
161,14,1
161,15,1
161,16,1
161,17,0
161,18,1
161,19,0
161,20,1
162,1,1
162,2,1
162,3,1
162,4,1
162,5,0
162,6,0
162,7,1
162,8,1
162,9,1
162,10,1
162,11,1
162,12,1
162,13,1
162,14,1
162,15,1
162,16,1
162,17,1
162,18,1
162,19,1
162,20,1
163,1,1
163,2,1
163,3,1
163,4,1
163,5,1
163,6,1
163,7,1
163,8,1
163,9,1
163,10,1
163,11,1
163,12,1
163,13,1
163,14,1
163,15,1
163,16,1
163,17,1
163,18,0
163,19,1
163,20,1
164,1,1
164,2,1
164,3,1
164,4,1
164,5,1
164,6,1
164,7,1
164,8,1
164,9,1
164,10,1
164,11,1
164,12,1
164,13,1
164,14,1
164,15,1
164,16,1
164,17,1
164,18,1
164,19,1
164,20,0
165,1,0
165,2,0
165,3,0
165,4,0
165,5,0
165,6,0
165,7,0
165,8,0
165,9,0
165,10,0
165,11,0
165,12,0
165,13,0
165,14,0
165,15,0
165,16,0
165,17,0
165,18,0
165,19,0
165,20,0
166,1,0
166,2,0
166,3,0
166,4,0
166,5,1
166,6,0
166,7,0
166,8,0
166,9,1
166,10,0
166,11,0
166,12,0
166,13,0
166,14,0
166,15,0
166,16,0
166,17,0
166,18,0
166,19,0
166,20,0
167,1,0
167,2,0
167,3,0
167,4,0
167,5,0
167,6,0
167,7,0
167,8,0
167,9,1
167,10,0
167,11,0
167,12,1
167,13,0
167,14,0
167,15,0
167,16,0
167,17,0
167,18,0
167,19,0
167,20,0
168,1,1
168,2,1
168,3,1
168,4,1
168,5,1
168,6,1
168,7,1
168,8,1
168,9,1
168,10,1
168,11,1
168,12,1
168,13,1
168,14,1
168,15,1
168,16,1
168,17,1
168,18,1
168,19,1
168,20,1
169,1,1
169,2,1
169,3,1
169,4,1
169,5,1
169,6,0
169,7,1
169,8,0
169,9,1
169,10,1
169,11,1
169,12,1
169,13,1
169,14,1
169,15,1
169,16,1
169,17,1
169,18,1
169,19,1
169,20,1
170,1,0
170,2,0
170,3,0
170,4,0
170,5,0
170,6,0
170,7,0
170,8,0
170,9,0
170,10,0
170,11,0
170,12,0
170,13,0
170,14,0
170,15,0
170,16,0
170,17,0
170,18,0
170,19,0
170,20,0
171,1,0
171,2,0
171,3,0
171,4,0
171,5,0
171,6,0
171,7,0
171,8,0
171,9,0
171,10,0
171,11,0
171,12,1
171,13,0
171,14,0
171,15,0
171,16,1
171,17,1
171,18,1
171,19,0
171,20,1
172,1,0
172,2,1
172,3,1
172,4,1
172,5,1
172,6,1
172,7,0
172,8,1
172,9,1
172,10,1
172,11,1
172,12,1
172,13,1
172,14,1
172,15,0
172,16,1
172,17,1
172,18,1
172,19,0
172,20,1
173,1,1
173,2,1
173,3,1
173,4,1
173,5,1
173,6,1
173,7,1
173,8,1
173,9,1
173,10,1
173,11,1
173,12,1
173,13,1
173,14,1
173,15,1
173,16,1
173,17,1
173,18,1
173,19,1
173,20,1
174,1,0
174,2,0
174,3,0
174,4,1
174,5,0
174,6,1
174,7,1
174,8,1
174,9,1
174,10,0
174,11,0
174,12,1
174,13,0
174,14,1
174,15,1
174,16,0
174,17,1
174,18,1
174,19,0
174,20,0
175,1,0
175,2,0
175,3,0
175,4,0
175,5,1
175,6,1
175,7,0
175,8,0
175,9,1
175,10,0
175,11,1
175,12,1
175,13,0
175,14,0
175,15,0
175,16,1
175,17,0
175,18,0
175,19,0
175,20,0
176,1,0
176,2,0
176,3,0
176,4,1
176,5,0
176,6,1
176,7,0
176,8,1
176,9,0
176,10,0
176,11,1
176,12,1
176,13,0
176,14,1
176,15,0
176,16,1
176,17,0
176,18,1
176,19,0
176,20,1
177,1,0
177,2,1
177,3,1
177,4,1
177,5,0
177,6,1
177,7,0
177,8,1
177,9,0
177,10,0
177,11,1
177,12,1
177,13,0
177,14,1
177,15,0
177,16,1
177,17,1
177,18,1
177,19,0
177,20,1
178,1,0
178,2,1
178,3,1
178,4,0
178,5,1
178,6,1
178,7,0
178,8,0
178,9,0
178,10,0
178,11,0
178,12,0
178,13,0
178,14,1
178,15,0
178,16,0
178,17,0
178,18,0
178,19,0
178,20,0
179,1,0
179,2,1
179,3,1
179,4,1
179,5,1
179,6,1
179,7,0
179,8,1
179,9,1
179,10,1
179,11,1
179,12,1
179,13,1
179,14,1
179,15,0
179,16,1
179,17,1
179,18,1
179,19,0
179,20,0
180,1,1
180,2,1
180,3,0
180,4,1
180,5,1
180,6,1
180,7,1
180,8,1
180,9,1
180,10,1
180,11,1
180,12,1
180,13,0
180,14,1
180,15,1
180,16,1
180,17,1
180,18,1
180,19,1
180,20,1
181,1,0
181,2,0
181,3,0
181,4,1
181,5,0
181,6,0
181,7,0
181,8,1
181,9,0
181,10,0
181,11,0
181,12,0
181,13,0
181,14,0
181,15,0
181,16,0
181,17,0
181,18,0
181,19,0
181,20,0
182,1,1
182,2,1
182,3,1
182,4,1
182,5,1
182,6,1
182,7,0
182,8,1
182,9,1
182,10,0
182,11,1
182,12,1
182,13,0
182,14,1
182,15,0
182,16,1
182,17,1
182,18,1
182,19,0
182,20,0
183,1,1
183,2,1
183,3,1
183,4,1
183,5,0
183,6,1
183,7,1
183,8,1
183,9,1
183,10,0
183,11,1
183,12,0
183,13,0
183,14,1
183,15,0
183,16,1
183,17,1
183,18,0
183,19,0
183,20,0
184,1,1
184,2,1
184,3,1
184,4,0
184,5,1
184,6,1
184,7,1
184,8,1
184,9,1
184,10,1
184,11,1
184,12,1
184,13,1
184,14,1
184,15,1
184,16,1
184,17,1
184,18,1
184,19,1
184,20,1
185,1,1
185,2,1
185,3,1
185,4,1
185,5,1
185,6,1
185,7,0
185,8,1
185,9,1
185,10,1
185,11,1
185,12,1
185,13,1
185,14,1
185,15,1
185,16,1
185,17,1
185,18,1
185,19,1
185,20,1
186,1,1
186,2,1
186,3,1
186,4,1
186,5,1
186,6,1
186,7,1
186,8,1
186,9,1
186,10,0
186,11,1
186,12,1
186,13,1
186,14,1
186,15,1
186,16,1
186,17,1
186,18,1
186,19,1
186,20,0
187,1,1
187,2,1
187,3,0
187,4,0
187,5,1
187,6,1
187,7,0
187,8,0
187,9,1
187,10,0
187,11,0
187,12,0
187,13,0
187,14,0
187,15,0
187,16,0
187,17,0
187,18,0
187,19,0
187,20,0
188,1,0
188,2,0
188,3,0
188,4,0
188,5,0
188,6,1
188,7,0
188,8,1
188,9,0
188,10,0
188,11,1
188,12,1
188,13,0
188,14,1
188,15,0
188,16,0
188,17,0
188,18,0
188,19,0
188,20,0
189,1,1
189,2,1
189,3,1
189,4,1
189,5,1
189,6,1
189,7,1
189,8,1
189,9,1
189,10,1
189,11,1
189,12,1
189,13,1
189,14,1
189,15,1
189,16,1
189,17,1
189,18,1
189,19,1
189,20,1
190,1,1
190,2,1
190,3,1
190,4,1
190,5,1
190,6,1
190,7,1
190,8,1
190,9,1
190,10,1
190,11,1
190,12,1
190,13,1
190,14,1
190,15,1
190,16,1
190,17,1
190,18,1
190,19,1
190,20,1
191,1,1
191,2,1
191,3,1
191,4,1
191,5,1
191,6,1
191,7,1
191,8,1
191,9,1
191,10,1
191,11,1
191,12,1
191,13,1
191,14,1
191,15,1
191,16,0
191,17,1
191,18,0
191,19,1
191,20,1
192,1,1
192,2,1
192,3,1
192,4,1
192,5,1
192,6,1
192,7,1
192,8,1
192,9,1
192,10,1
192,11,1
192,12,1
192,13,0
192,14,1
192,15,1
192,16,1
192,17,1
192,18,1
192,19,1
192,20,1
193,1,1
193,2,1
193,3,1
193,4,0
193,5,1
193,6,1
193,7,1
193,8,0
193,9,1
193,10,1
193,11,1
193,12,1
193,13,1
193,14,1
193,15,1
193,16,1
193,17,1
193,18,1
193,19,1
193,20,1
194,1,0
194,2,0
194,3,0
194,4,0
194,5,0
194,6,1
194,7,0
194,8,0
194,9,0
194,10,0
194,11,0
194,12,1
194,13,0
194,14,0
194,15,0
194,16,1
194,17,1
194,18,1
194,19,0
194,20,1
195,1,0
195,2,0
195,3,0
195,4,0
195,5,1
195,6,0
195,7,0
195,8,1
195,9,1
195,10,0
195,11,0
195,12,0
195,13,0
195,14,0
195,15,0
195,16,1
195,17,0
195,18,0
195,19,0
195,20,0
196,1,1
196,2,1
196,3,1
196,4,1
196,5,1
196,6,1
196,7,1
196,8,1
196,9,1
196,10,1
196,11,1
196,12,1
196,13,0
196,14,1
196,15,1
196,16,1
196,17,1
196,18,1
196,19,1
196,20,1
197,1,1
197,2,1
197,3,1
197,4,1
197,5,1
197,6,1
197,7,1
197,8,1
197,9,1
197,10,1
197,11,1
197,12,1
197,13,1
197,14,1
197,15,0
197,16,1
197,17,1
197,18,1
197,19,1
197,20,1
198,1,1
198,2,1
198,3,1
198,4,1
198,5,1
198,6,1
198,7,1
198,8,1
198,9,1
198,10,1
198,11,1
198,12,1
198,13,1
198,14,1
198,15,1
198,16,1
198,17,1
198,18,1
198,19,1
198,20,1
199,1,1
199,2,1
199,3,1
199,4,1
199,5,0
199,6,1
199,7,1
199,8,1
199,9,1
199,10,1
199,11,1
199,12,1
199,13,1
199,14,1
199,15,1
199,16,1
199,17,1
199,18,1
199,19,1
199,20,1
200,1,1
200,2,0
200,3,1
200,4,0
200,5,0
200,6,1
200,7,0
200,8,0
200,9,0
200,10,0
200,11,0
200,12,1
200,13,0
200,14,0
200,15,1
200,16,0
200,17,0
200,18,0
200,19,0
200,20,0
201,1,1
201,2,1
201,3,1
201,4,1
201,5,1
201,6,1
201,7,1
201,8,1
201,9,1
201,10,1
201,11,1
201,12,1
201,13,1
201,14,1
201,15,1
201,16,1
201,17,1
201,18,1
201,19,1
201,20,1
202,1,0
202,2,1
202,3,1
202,4,1
202,5,1
202,6,1
202,7,1
202,8,1
202,9,1
202,10,1
202,11,1
202,12,1
202,13,1
202,14,1
202,15,1
202,16,1
202,17,1
202,18,0
202,19,1
202,20,1
203,1,1
203,2,1
203,3,1
203,4,0
203,5,1
203,6,1
203,7,1
203,8,1
203,9,0
203,10,1
203,11,1
203,12,1
203,13,0
203,14,1
203,15,1
203,16,1
203,17,0
203,18,0
203,19,1
203,20,1
204,1,1
204,2,1
204,3,0
204,4,1
204,5,1
204,6,1
204,7,1
204,8,1
204,9,1
204,10,1
204,11,1
204,12,1
204,13,1
204,14,1
204,15,1
204,16,1
204,17,1
204,18,1
204,19,1
204,20,1
205,1,0
205,2,0
205,3,0
205,4,1
205,5,0
205,6,1
205,7,0
205,8,1
205,9,0
205,10,0
205,11,1
205,12,1
205,13,0
205,14,1
205,15,0
205,16,1
205,17,1
205,18,1
205,19,0
205,20,0
206,1,0
206,2,0
206,3,0
206,4,0
206,5,1
206,6,1
206,7,0
206,8,1
206,9,1
206,10,1
206,11,1
206,12,1
206,13,0
206,14,1
206,15,1
206,16,1
206,17,1
206,18,1
206,19,0
206,20,1
207,1,1
207,2,1
207,3,1
207,4,1
207,5,0
207,6,1
207,7,0
207,8,1
207,9,0
207,10,0
207,11,1
207,12,1
207,13,1
207,14,1
207,15,1
207,16,1
207,17,0
207,18,1
207,19,0
207,20,1
208,1,1
208,2,1
208,3,1
208,4,1
208,5,1
208,6,1
208,7,1
208,8,1
208,9,1
208,10,0
208,11,0
208,12,0
208,13,0
208,14,0
208,15,0
208,16,0
208,17,0
208,18,0
208,19,0
208,20,0
209,1,1
209,2,1
209,3,1
209,4,1
209,5,1
209,6,1
209,7,1
209,8,1
209,9,1
209,10,1
209,11,1
209,12,1
209,13,0
209,14,1
209,15,1
209,16,0
209,17,1
209,18,1
209,19,1
209,20,1
210,1,1
210,2,1
210,3,1
210,4,1
210,5,1
210,6,1
210,7,1
210,8,1
210,9,1
210,10,1
210,11,1
210,12,1
210,13,1
210,14,1
210,15,1
210,16,1
210,17,1
210,18,1
210,19,1
210,20,1
211,1,0
211,2,0
211,3,0
211,4,1
211,5,0
211,6,0
211,7,0
211,8,1
211,9,1
211,10,0
211,11,0
211,12,0
211,13,0
211,14,1
211,15,0
211,16,1
211,17,0
211,18,0
211,19,0
211,20,0
212,1,0
212,2,1
212,3,1
212,4,1
212,5,1
212,6,1
212,7,0
212,8,1
212,9,0
212,10,0
212,11,0
212,12,1
212,13,0
212,14,1
212,15,1
212,16,1
212,17,0
212,18,0
212,19,1
212,20,0
213,1,1
213,2,1
213,3,1
213,4,1
213,5,1
213,6,1
213,7,1
213,8,1
213,9,1
213,10,1
213,11,1
213,12,1
213,13,1
213,14,1
213,15,1
213,16,1
213,17,1
213,18,1
213,19,1
213,20,1
214,1,0
214,2,1
214,3,1
214,4,1
214,5,1
214,6,1
214,7,1
214,8,1
214,9,1
214,10,1
214,11,1
214,12,1
214,13,1
214,14,1
214,15,1
214,16,1
214,17,1
214,18,1
214,19,1
214,20,1
215,1,1
215,2,1
215,3,0
215,4,0
215,5,1
215,6,1
215,7,0
215,8,0
215,9,1
215,10,0
215,11,0
215,12,0
215,13,0
215,14,0
215,15,0
215,16,0
215,17,0
215,18,0
215,19,0
215,20,0
216,1,1
216,2,1
216,3,1
216,4,1
216,5,1
216,6,1
216,7,1
216,8,1
216,9,1
216,10,1
216,11,1
216,12,1
216,13,1
216,14,1
216,15,1
216,16,1
216,17,1
216,18,1
216,19,1
216,20,1
217,1,0
217,2,0
217,3,0
217,4,0
217,5,0
217,6,0
217,7,0
217,8,1
217,9,0
217,10,0
217,11,0
217,12,0
217,13,0
217,14,0
217,15,0
217,16,0
217,17,0
217,18,0
217,19,0
217,20,0
218,1,1
218,2,1
218,3,0
218,4,1
218,5,1
218,6,1
218,7,1
218,8,1
218,9,1
218,10,1
218,11,1
218,12,1
218,13,0
218,14,1
218,15,1
218,16,1
218,17,1
218,18,1
218,19,1
218,20,1
219,1,1
219,2,1
219,3,1
219,4,0
219,5,1
219,6,0
219,7,1
219,8,0
219,9,1
219,10,1
219,11,0
219,12,1
219,13,1
219,14,1
219,15,1
219,16,0
219,17,0
219,18,0
219,19,0
219,20,0
220,1,1
220,2,1
220,3,0
220,4,1
220,5,0
220,6,1
220,7,0
220,8,1
220,9,0
220,10,1
220,11,1
220,12,1
220,13,0
220,14,1
220,15,0
220,16,0
220,17,1
220,18,0
220,19,1
220,20,1
221,1,0
221,2,0
221,3,0
221,4,1
221,5,0
221,6,1
221,7,1
221,8,1
221,9,0
221,10,0
221,11,1
221,12,1
221,13,0
221,14,1
221,15,1
221,16,1
221,17,1
221,18,1
221,19,0
221,20,0
222,1,1
222,2,1
222,3,1
222,4,0
222,5,0
222,6,1
222,7,1
222,8,1
222,9,1
222,10,1
222,11,1
222,12,1
222,13,0
222,14,1
222,15,1
222,16,1
222,17,1
222,18,1
222,19,0
222,20,0
223,1,1
223,2,1
223,3,1
223,4,1
223,5,1
223,6,1
223,7,1
223,8,1
223,9,1
223,10,1
223,11,1
223,12,1
223,13,1
223,14,1
223,15,1
223,16,1
223,17,1
223,18,1
223,19,1
223,20,1
224,1,0
224,2,0
224,3,0
224,4,0
224,5,0
224,6,0
224,7,0
224,8,0
224,9,1
224,10,0
224,11,0
224,12,0
224,13,0
224,14,0
224,15,0
224,16,0
224,17,0
224,18,0
224,19,0
224,20,0
225,1,1
225,2,1
225,3,1
225,4,1
225,5,1
225,6,1
225,7,1
225,8,1
225,9,1
225,10,1
225,11,1
225,12,1
225,13,1
225,14,1
225,15,0
225,16,1
225,17,1
225,18,1
225,19,0
225,20,1
226,1,0
226,2,0
226,3,0
226,4,1
226,5,0
226,6,1
226,7,0
226,8,1
226,9,0
226,10,0
226,11,1
226,12,1
226,13,0
226,14,0
226,15,0
226,16,1
226,17,0
226,18,0
226,19,0
226,20,0
227,1,0
227,2,0
227,3,0
227,4,0
227,5,0
227,6,0
227,7,0
227,8,0
227,9,0
227,10,0
227,11,0
227,12,0
227,13,0
227,14,0
227,15,0
227,16,0
227,17,0
227,18,0
227,19,0
227,20,0
228,1,0
228,2,0
228,3,0
228,4,0
228,5,0
228,6,1
228,7,0
228,8,0
228,9,0
228,10,0
228,11,0
228,12,1
228,13,0
228,14,0
228,15,0
228,16,0
228,17,0
228,18,1
228,19,0
228,20,0
229,1,1
229,2,1
229,3,1
229,4,1
229,5,1
229,6,1
229,7,1
229,8,0
229,9,1
229,10,0
229,11,1
229,12,1
229,13,1
229,14,1
229,15,1
229,16,1
229,17,1
229,18,1
229,19,1
229,20,1
230,1,1
230,2,1
230,3,1
230,4,0
230,5,1
230,6,1
230,7,1
230,8,1
230,9,1
230,10,0
230,11,0
230,12,1
230,13,0
230,14,1
230,15,0
230,16,0
230,17,1
230,18,1
230,19,0
230,20,0
231,1,0
231,2,0
231,3,0
231,4,0
231,5,0
231,6,0
231,7,0
231,8,0
231,9,0
231,10,0
231,11,0
231,12,0
231,13,0
231,14,0
231,15,0
231,16,0
231,17,0
231,18,0
231,19,0
231,20,0
232,1,1
232,2,1
232,3,1
232,4,1
232,5,0
232,6,1
232,7,1
232,8,1
232,9,1
232,10,1
232,11,1
232,12,1
232,13,0
232,14,1
232,15,0
232,16,1
232,17,0
232,18,1
232,19,0
232,20,0
233,1,0
233,2,0
233,3,0
233,4,0
233,5,0
233,6,1
233,7,0
233,8,0
233,9,1
233,10,0
233,11,0
233,12,1
233,13,0
233,14,1
233,15,0
233,16,1
233,17,0
233,18,0
233,19,0
233,20,0
234,1,0
234,2,1
234,3,0
234,4,1
234,5,0
234,6,1
234,7,1
234,8,1
234,9,0
234,10,1
234,11,1
234,12,1
234,13,1
234,14,1
234,15,1
234,16,1
234,17,1
234,18,1
234,19,1
234,20,1
235,1,1
235,2,1
235,3,0
235,4,0
235,5,0
235,6,1
235,7,0
235,8,0
235,9,1
235,10,0
235,11,0
235,12,1
235,13,0
235,14,0
235,15,0
235,16,0
235,17,0
235,18,0
235,19,0
235,20,0
236,1,1
236,2,1
236,3,1
236,4,1
236,5,0
236,6,1
236,7,1
236,8,1
236,9,0
236,10,1
236,11,0
236,12,0
236,13,0
236,14,0
236,15,0
236,16,0
236,17,0
236,18,0
236,19,0
236,20,0
237,1,1
237,2,1
237,3,1
237,4,1
237,5,0
237,6,1
237,7,1
237,8,0
237,9,1
237,10,0
237,11,0
237,12,1
237,13,0
237,14,0
237,15,1
237,16,1
237,17,0
237,18,0
237,19,0
237,20,0
238,1,1
238,2,1
238,3,0
238,4,1
238,5,1
238,6,1
238,7,1
238,8,1
238,9,1
238,10,1
238,11,1
238,12,1
238,13,1
238,14,1
238,15,1
238,16,1
238,17,1
238,18,1
238,19,1
238,20,1
239,1,0
239,2,0
239,3,0
239,4,1
239,5,0
239,6,0
239,7,0
239,8,0
239,9,0
239,10,1
239,11,1
239,12,1
239,13,0
239,14,1
239,15,0
239,16,0
239,17,1
239,18,1
239,19,0
239,20,1
240,1,1
240,2,1
240,3,0
240,4,0
240,5,0
240,6,1
240,7,0
240,8,1
240,9,1
240,10,0
240,11,0
240,12,1
240,13,0
240,14,0
240,15,0
240,16,0
240,17,0
240,18,0
240,19,0
240,20,0
241,1,1
241,2,1
241,3,1
241,4,1
241,5,1
241,6,1
241,7,0
241,8,1
241,9,1
241,10,1
241,11,1
241,12,0
241,13,1
241,14,1
241,15,1
241,16,1
241,17,1
241,18,1
241,19,0
241,20,1
242,1,1
242,2,1
242,3,1
242,4,0
242,5,0
242,6,1
242,7,1
242,8,0
242,9,1
242,10,0
242,11,0
242,12,1
242,13,1
242,14,1
242,15,0
242,16,1
242,17,1
242,18,1
242,19,0
242,20,0
243,1,1
243,2,1
243,3,1
243,4,1
243,5,0
243,6,1
243,7,0
243,8,1
243,9,0
243,10,1
243,11,1
243,12,1
243,13,0
243,14,1
243,15,0
243,16,1
243,17,1
243,18,1
243,19,0
243,20,1
244,1,0
244,2,0
244,3,0
244,4,0
244,5,0
244,6,1
244,7,0
244,8,1
244,9,1
244,10,0
244,11,0
244,12,1
244,13,0
244,14,1
244,15,0
244,16,1
244,17,0
244,18,0
244,19,0
244,20,0
245,1,1
245,2,1
245,3,1
245,4,1
245,5,1
245,6,1
245,7,1
245,8,1
245,9,0
245,10,1
245,11,1
245,12,1
245,13,1
245,14,1
245,15,1
245,16,1
245,17,1
245,18,1
245,19,1
245,20,1
246,1,0
246,2,0
246,3,0
246,4,0
246,5,0
246,6,0
246,7,0
246,8,1
246,9,0
246,10,0
246,11,0
246,12,0
246,13,0
246,14,0
246,15,0
246,16,0
246,17,0
246,18,0
246,19,0
246,20,0
247,1,1
247,2,1
247,3,0
247,4,1
247,5,1
247,6,1
247,7,0
247,8,1
247,9,1
247,10,0
247,11,1
247,12,1
247,13,1
247,14,1
247,15,1
247,16,1
247,17,1
247,18,1
247,19,1
247,20,1
248,1,1
248,2,1
248,3,1
248,4,1
248,5,1
248,6,1
248,7,1
248,8,1
248,9,1
248,10,1
248,11,1
248,12,1
248,13,1
248,14,1
248,15,1
248,16,1
248,17,1
248,18,0
248,19,0
248,20,1
249,1,0
249,2,0
249,3,0
249,4,0
249,5,0
249,6,1
249,7,0
249,8,1
249,9,0
249,10,0
249,11,0
249,12,0
249,13,0
249,14,0
249,15,0
249,16,0
249,17,0
249,18,0
249,19,0
249,20,0
250,1,0
250,2,0
250,3,0
250,4,0
250,5,0
250,6,1
250,7,0
250,8,1
250,9,1
250,10,0
250,11,0
250,12,0
250,13,0
250,14,0
250,15,0
250,16,1
250,17,0
250,18,0
250,19,0
250,20,0
251,1,0
251,2,0
251,3,0
251,4,1
251,5,0
251,6,0
251,7,0
251,8,1
251,9,0
251,10,0
251,11,0
251,12,0
251,13,0
251,14,0
251,15,0
251,16,0
251,17,0
251,18,0
251,19,0
251,20,0
252,1,1
252,2,1
252,3,1
252,4,0
252,5,1
252,6,1
252,7,0
252,8,1
252,9,0
252,10,0
252,11,0
252,12,1
252,13,0
252,14,1
252,15,1
252,16,1
252,17,0
252,18,0
252,19,1
252,20,0
253,1,0
253,2,0
253,3,0
253,4,1
253,5,0
253,6,0
253,7,0
253,8,1
253,9,0
253,10,0
253,11,0
253,12,0
253,13,0
253,14,0
253,15,1
253,16,0
253,17,0
253,18,0
253,19,0
253,20,0
254,1,1
254,2,1
254,3,1
254,4,1
254,5,1
254,6,1
254,7,1
254,8,1
254,9,1
254,10,0
254,11,1
254,12,1
254,13,1
254,14,0
254,15,1
254,16,1
254,17,1
254,18,1
254,19,1
254,20,1
255,1,1
255,2,0
255,3,0
255,4,0
255,5,0
255,6,0
255,7,0
255,8,0
255,9,1
255,10,0
255,11,0
255,12,0
255,13,0
255,14,1
255,15,0
255,16,1
255,17,0
255,18,1
255,19,0
255,20,0
256,1,1
256,2,1
256,3,0
256,4,1
256,5,1
256,6,1
256,7,1
256,8,1
256,9,1
256,10,1
256,11,1
256,12,1
256,13,1
256,14,1
256,15,0
256,16,1
256,17,0
256,18,1
256,19,1
256,20,1
257,1,1
257,2,1
257,3,1
257,4,1
257,5,1
257,6,1
257,7,1
257,8,1
257,9,1
257,10,1
257,11,1
257,12,1
257,13,1
257,14,1
257,15,1
257,16,1
257,17,1
257,18,1
257,19,1
257,20,1
258,1,1
258,2,1
258,3,1
258,4,1
258,5,1
258,6,1
258,7,1
258,8,1
258,9,1
258,10,1
258,11,1
258,12,0
258,13,1
258,14,1
258,15,1
258,16,0
258,17,1
258,18,1
258,19,1
258,20,1
259,1,1
259,2,1
259,3,1
259,4,1
259,5,0
259,6,1
259,7,0
259,8,1
259,9,0
259,10,0
259,11,1
259,12,1
259,13,0
259,14,1
259,15,0
259,16,0
259,17,1
259,18,1
259,19,0
259,20,1
260,1,1
260,2,0
260,3,0
260,4,0
260,5,1
260,6,1
260,7,1
260,8,1
260,9,1
260,10,1
260,11,1
260,12,1
260,13,0
260,14,1
260,15,1
260,16,1
260,17,1
260,18,1
260,19,0
260,20,1
261,1,0
261,2,0
261,3,0
261,4,0
261,5,0
261,6,1
261,7,0
261,8,0
261,9,1
261,10,0
261,11,0
261,12,0
261,13,0
261,14,1
261,15,0
261,16,0
261,17,0
261,18,0
261,19,0
261,20,0
262,1,0
262,2,0
262,3,0
262,4,1
262,5,1
262,6,1
262,7,1
262,8,1
262,9,1
262,10,1
262,11,1
262,12,1
262,13,1
262,14,1
262,15,1
262,16,1
262,17,1
262,18,0
262,19,1
262,20,1
263,1,0
263,2,0
263,3,0
263,4,0
263,5,0
263,6,1
263,7,0
263,8,0
263,9,1
263,10,0
263,11,0
263,12,1
263,13,0
263,14,1
263,15,0
263,16,1
263,17,0
263,18,1
263,19,0
263,20,0
264,1,0
264,2,0
264,3,0
264,4,0
264,5,0
264,6,1
264,7,0
264,8,0
264,9,0
264,10,0
264,11,0
264,12,1
264,13,0
264,14,0
264,15,0
264,16,0
264,17,0
264,18,0
264,19,0
264,20,0
265,1,0
265,2,0
265,3,0
265,4,0
265,5,0
265,6,0
265,7,0
265,8,1
265,9,1
265,10,0
265,11,0
265,12,0
265,13,0
265,14,0
265,15,0
265,16,1
265,17,1
265,18,0
265,19,0
265,20,0
266,1,1
266,2,1
266,3,1
266,4,1
266,5,1
266,6,1
266,7,1
266,8,1
266,9,1
266,10,1
266,11,1
266,12,1
266,13,0
266,14,1
266,15,1
266,16,1
266,17,1
266,18,1
266,19,0
266,20,1
267,1,1
267,2,1
267,3,1
267,4,1
267,5,1
267,6,1
267,7,1
267,8,1
267,9,1
267,10,1
267,11,1
267,12,1
267,13,0
267,14,1
267,15,1
267,16,1
267,17,1
267,18,1
267,19,1
267,20,1
268,1,1
268,2,1
268,3,1
268,4,1
268,5,0
268,6,1
268,7,0
268,8,1
268,9,1
268,10,0
268,11,0
268,12,0
268,13,0
268,14,0
268,15,0
268,16,1
268,17,1
268,18,0
268,19,0
268,20,0
269,1,1
269,2,1
269,3,1
269,4,0
269,5,0
269,6,1
269,7,0
269,8,1
269,9,1
269,10,0
269,11,1
269,12,1
269,13,1
269,14,1
269,15,0
269,16,1
269,17,0
269,18,1
269,19,1
269,20,0
270,1,1
270,2,1
270,3,1
270,4,1
270,5,1
270,6,1
270,7,1
270,8,1
270,9,1
270,10,0
270,11,1
270,12,0
270,13,0
270,14,1
270,15,1
270,16,1
270,17,1
270,18,1
270,19,1
270,20,1
271,1,0
271,2,0
271,3,0
271,4,0
271,5,1
271,6,1
271,7,0
271,8,1
271,9,1
271,10,0
271,11,0
271,12,0
271,13,0
271,14,1
271,15,0
271,16,1
271,17,0
271,18,0
271,19,0
271,20,0
272,1,1
272,2,1
272,3,0
272,4,1
272,5,0
272,6,0
272,7,0
272,8,1
272,9,1
272,10,1
272,11,1
272,12,1
272,13,1
272,14,1
272,15,0
272,16,1
272,17,0
272,18,1
272,19,0
272,20,1
273,1,1
273,2,1
273,3,1
273,4,1
273,5,1
273,6,1
273,7,1
273,8,1
273,9,1
273,10,1
273,11,1
273,12,1
273,13,1
273,14,1
273,15,1
273,16,1
273,17,1
273,18,1
273,19,1
273,20,0
274,1,1
274,2,1
274,3,0
274,4,1
274,5,1
274,6,1
274,7,0
274,8,1
274,9,0
274,10,1
274,11,0
274,12,0
274,13,0
274,14,0
274,15,0
274,16,0
274,17,0
274,18,0
274,19,0
274,20,0
275,1,1
275,2,1
275,3,1
275,4,1
275,5,1
275,6,1
275,7,1
275,8,1
275,9,1
275,10,1
275,11,1
275,12,1
275,13,1
275,14,1
275,15,1
275,16,1
275,17,1
275,18,1
275,19,1
275,20,1
276,1,1
276,2,1
276,3,0
276,4,0
276,5,1
276,6,1
276,7,1
276,8,0
276,9,0
276,10,0
276,11,0
276,12,1
276,13,0
276,14,1
276,15,1
276,16,1
276,17,0
276,18,0
276,19,0
276,20,0
277,1,1
277,2,1
277,3,1
277,4,1
277,5,1
277,6,1
277,7,0
277,8,1
277,9,1
277,10,1
277,11,1
277,12,1
277,13,1
277,14,1
277,15,1
277,16,1
277,17,1
277,18,1
277,19,0
277,20,0
278,1,1
278,2,1
278,3,1
278,4,1
278,5,1
278,6,1
278,7,1
278,8,1
278,9,1
278,10,1
278,11,1
278,12,1
278,13,1
278,14,1
278,15,1
278,16,1
278,17,1
278,18,1
278,19,1
278,20,1
279,1,1
279,2,1
279,3,1
279,4,1
279,5,1
279,6,1
279,7,1
279,8,1
279,9,1
279,10,1
279,11,1
279,12,1
279,13,0
279,14,1
279,15,1
279,16,1
279,17,1
279,18,1
279,19,1
279,20,1
280,1,1
280,2,1
280,3,1
280,4,1
280,5,1
280,6,1
280,7,1
280,8,1
280,9,1
280,10,1
280,11,1
280,12,1
280,13,1
280,14,1
280,15,1
280,16,1
280,17,1
280,18,1
280,19,1
280,20,1
281,1,1
281,2,1
281,3,1
281,4,1
281,5,1
281,6,1
281,7,1
281,8,1
281,9,1
281,10,1
281,11,1
281,12,1
281,13,1
281,14,1
281,15,1
281,16,1
281,17,1
281,18,1
281,19,0
281,20,1
282,1,1
282,2,1
282,3,1
282,4,1
282,5,1
282,6,1
282,7,1
282,8,1
282,9,1
282,10,1
282,11,1
282,12,1
282,13,1
282,14,1
282,15,1
282,16,1
282,17,1
282,18,1
282,19,1
282,20,1
283,1,0
283,2,0
283,3,0
283,4,1
283,5,0
283,6,1
283,7,1
283,8,1
283,9,1
283,10,1
283,11,1
283,12,1
283,13,0
283,14,1
283,15,1
283,16,1
283,17,0
283,18,1
283,19,1
283,20,1
284,1,1
284,2,1
284,3,1
284,4,1
284,5,1
284,6,1
284,7,1
284,8,1
284,9,1
284,10,1
284,11,1
284,12,1
284,13,1
284,14,1
284,15,1
284,16,1
284,17,1
284,18,0
284,19,1
284,20,1
285,1,0
285,2,1
285,3,1
285,4,0
285,5,0
285,6,0
285,7,1
285,8,1
285,9,1
285,10,1
285,11,1
285,12,0
285,13,1
285,14,1
285,15,1
285,16,0
285,17,1
285,18,0
285,19,1
285,20,1
286,1,1
286,2,0
286,3,1
286,4,1
286,5,0
286,6,0
286,7,0
286,8,1
286,9,0
286,10,0
286,11,0
286,12,0
286,13,0
286,14,0
286,15,0
286,16,0
286,17,0
286,18,0
286,19,0
286,20,0
287,1,0
287,2,1
287,3,1
287,4,1
287,5,1
287,6,1
287,7,1
287,8,0
287,9,0
287,10,1
287,11,1
287,12,1
287,13,0
287,14,1
287,15,1
287,16,1
287,17,1
287,18,1
287,19,1
287,20,0
288,1,1
288,2,1
288,3,0
288,4,1
288,5,1
288,6,1
288,7,1
288,8,1
288,9,1
288,10,1
288,11,1
288,12,1
288,13,1
288,14,1
288,15,1
288,16,1
288,17,1
288,18,1
288,19,0
288,20,1
289,1,1
289,2,1
289,3,0
289,4,1
289,5,1
289,6,1
289,7,0
289,8,1
289,9,0
289,10,0
289,11,1
289,12,1
289,13,1
289,14,1
289,15,0
289,16,1
289,17,1
289,18,1
289,19,0
289,20,1
290,1,1
290,2,1
290,3,1
290,4,1
290,5,0
290,6,1
290,7,0
290,8,1
290,9,1
290,10,1
290,11,1
290,12,1
290,13,1
290,14,1
290,15,1
290,16,1
290,17,1
290,18,1
290,19,1
290,20,1
291,1,0
291,2,0
291,3,0
291,4,0
291,5,0
291,6,0
291,7,0
291,8,0
291,9,0
291,10,0
291,11,0
291,12,0
291,13,0
291,14,0
291,15,0
291,16,0
291,17,0
291,18,0
291,19,0
291,20,0
292,1,1
292,2,1
292,3,1
292,4,0
292,5,1
292,6,1
292,7,0
292,8,0
292,9,0
292,10,0
292,11,0
292,12,0
292,13,0
292,14,1
292,15,0
292,16,1
292,17,0
292,18,0
292,19,0
292,20,0
293,1,0
293,2,0
293,3,0
293,4,1
293,5,1
293,6,1
293,7,1
293,8,0
293,9,0
293,10,0
293,11,0
293,12,1
293,13,0
293,14,1
293,15,1
293,16,1
293,17,1
293,18,0
293,19,0
293,20,0
294,1,0
294,2,0
294,3,0
294,4,0
294,5,0
294,6,1
294,7,0
294,8,0
294,9,1
294,10,0
294,11,0
294,12,1
294,13,0
294,14,1
294,15,0
294,16,1
294,17,0
294,18,0
294,19,0
294,20,0
295,1,1
295,2,1
295,3,1
295,4,1
295,5,1
295,6,1
295,7,0
295,8,1
295,9,1
295,10,1
295,11,1
295,12,1
295,13,1
295,14,1
295,15,1
295,16,1
295,17,1
295,18,1
295,19,1
295,20,1
296,1,0
296,2,0
296,3,0
296,4,1
296,5,0
296,6,1
296,7,0
296,8,1
296,9,0
296,10,0
296,11,0
296,12,0
296,13,0
296,14,0
296,15,0
296,16,0
296,17,0
296,18,0
296,19,0
296,20,0
297,1,0
297,2,0
297,3,0
297,4,0
297,5,0
297,6,0
297,7,0
297,8,1
297,9,0
297,10,1
297,11,0
297,12,0
297,13,0
297,14,0
297,15,0
297,16,0
297,17,0
297,18,0
297,19,0
297,20,0
298,1,0
298,2,0
298,3,0
298,4,0
298,5,0
298,6,1
298,7,1
298,8,1
298,9,1
298,10,0
298,11,1
298,12,0
298,13,0
298,14,1
298,15,1
298,16,1
298,17,1
298,18,1
298,19,1
298,20,1
299,1,0
299,2,1
299,3,0
299,4,1
299,5,0
299,6,1
299,7,0
299,8,0
299,9,0
299,10,0
299,11,0
299,12,0
299,13,0
299,14,0
299,15,0
299,16,0
299,17,0
299,18,0
299,19,0
299,20,0
300,1,1
300,2,1
300,3,1
300,4,1
300,5,1
300,6,1
300,7,1
300,8,1
300,9,1
300,10,1
300,11,1
300,12,0
300,13,0
300,14,1
300,15,1
300,16,1
300,17,1
300,18,1
300,19,1
300,20,1
301,1,1
301,2,1
301,3,1
301,4,1
301,5,1
301,6,1
301,7,1
301,8,1
301,9,1
301,10,1
301,11,1
301,12,1
301,13,0
301,14,1
301,15,1
301,16,1
301,17,1
301,18,1
301,19,1
301,20,1
302,1,1
302,2,1
302,3,1
302,4,1
302,5,1
302,6,1
302,7,1
302,8,1
302,9,1
302,10,1
302,11,1
302,12,1
302,13,1
302,14,1
302,15,0
302,16,1
302,17,1
302,18,1
302,19,1
302,20,1
303,1,1
303,2,1
303,3,1
303,4,1
303,5,0
303,6,1
303,7,1
303,8,1
303,9,1
303,10,0
303,11,1
303,12,1
303,13,1
303,14,1
303,15,0
303,16,1
303,17,0
303,18,1
303,19,0
303,20,0
304,1,1
304,2,1
304,3,1
304,4,0
304,5,1
304,6,1
304,7,1
304,8,1
304,9,0
304,10,0
304,11,0
304,12,0
304,13,0
304,14,0
304,15,0
304,16,0
304,17,0
304,18,0
304,19,0
304,20,0
305,1,1
305,2,1
305,3,1
305,4,1
305,5,1
305,6,1
305,7,1
305,8,1
305,9,0
305,10,1
305,11,1
305,12,1
305,13,1
305,14,1
305,15,1
305,16,1
305,17,1
305,18,0
305,19,1
305,20,1
306,1,1
306,2,1
306,3,1
306,4,0
306,5,1
306,6,1
306,7,0
306,8,0
306,9,1
306,10,1
306,11,0
306,12,1
306,13,1
306,14,1
306,15,1
306,16,1
306,17,1
306,18,0
306,19,0
306,20,1
307,1,1
307,2,1
307,3,0
307,4,0
307,5,1
307,6,1
307,7,0
307,8,0
307,9,0
307,10,0
307,11,0
307,12,1
307,13,0
307,14,1
307,15,0
307,16,0
307,17,0
307,18,0
307,19,0
307,20,0
308,1,1
308,2,0
308,3,0
308,4,0
308,5,0
308,6,1
308,7,0
308,8,1
308,9,1
308,10,0
308,11,0
308,12,1
308,13,0
308,14,1
308,15,0
308,16,0
308,17,0
308,18,1
308,19,0
308,20,0
309,1,0
309,2,0
309,3,0
309,4,0
309,5,1
309,6,0
309,7,0
309,8,1
309,9,1
309,10,0
309,11,0
309,12,0
309,13,0
309,14,0
309,15,0
309,16,0
309,17,0
309,18,0
309,19,0
309,20,0
310,1,0
310,2,0
310,3,0
310,4,0
310,5,0
310,6,1
310,7,0
310,8,1
310,9,1
310,10,0
310,11,0
310,12,1
310,13,0
310,14,1
310,15,0
310,16,0
310,17,0
310,18,1
310,19,0
310,20,0
311,1,1
311,2,1
311,3,1
311,4,0
311,5,1
311,6,1
311,7,1
311,8,1
311,9,1
311,10,0
311,11,0
311,12,1
311,13,0
311,14,1
311,15,1
311,16,1
311,17,0
311,18,0
311,19,0
311,20,0
312,1,0
312,2,0
312,3,0
312,4,0
312,5,1
312,6,0
312,7,0
312,8,0
312,9,1
312,10,0
312,11,0
312,12,0
312,13,0
312,14,0
312,15,0
312,16,0
312,17,0
312,18,0
312,19,0
312,20,0
313,1,1
313,2,1
313,3,1
313,4,1
313,5,0
313,6,1
313,7,0
313,8,1
313,9,1
313,10,0
313,11,1
313,12,1
313,13,1
313,14,1
313,15,1
313,16,1
313,17,1
313,18,1
313,19,0
313,20,0
314,1,0
314,2,1
314,3,0
314,4,0
314,5,1
314,6,0
314,7,0
314,8,1
314,9,1
314,10,0
314,11,0
314,12,1
314,13,0
314,14,1
314,15,0
314,16,1
314,17,0
314,18,0
314,19,0
314,20,0
315,1,1
315,2,1
315,3,1
315,4,1
315,5,0
315,6,1
315,7,1
315,8,1
315,9,1
315,10,1
315,11,0
315,12,1
315,13,0
315,14,1
315,15,1
315,16,1
315,17,1
315,18,1
315,19,1
315,20,1
316,1,1
316,2,1
316,3,1
316,4,0
316,5,0
316,6,1
316,7,0
316,8,1
316,9,1
316,10,0
316,11,0
316,12,1
316,13,0
316,14,1
316,15,0
316,16,0
316,17,0
316,18,0
316,19,0
316,20,0
317,1,0
317,2,0
317,3,0
317,4,0
317,5,0
317,6,1
317,7,0
317,8,1
317,9,1
317,10,0
317,11,0
317,12,1
317,13,0
317,14,1
317,15,0
317,16,1
317,17,1
317,18,0
317,19,0
317,20,0
318,1,1
318,2,1
318,3,1
318,4,1
318,5,1
318,6,1
318,7,1
318,8,1
318,9,0
318,10,0
318,11,0
318,12,1
318,13,0
318,14,1
318,15,1
318,16,1
318,17,1
318,18,1
318,19,1
318,20,0
319,1,1
319,2,1
319,3,1
319,4,1
319,5,1
319,6,1
319,7,1
319,8,1
319,9,1
319,10,0
319,11,1
319,12,1
319,13,0
319,14,1
319,15,1
319,16,0
319,17,1
319,18,1
319,19,1
319,20,1
320,1,0
320,2,0
320,3,0
320,4,0
320,5,1
320,6,1
320,7,0
320,8,0
320,9,1
320,10,0
320,11,0
320,12,1
320,13,0
320,14,1
320,15,0
320,16,1
320,17,0
320,18,0
320,19,0
320,20,0
321,1,1
321,2,1
321,3,1
321,4,0
321,5,1
321,6,1
321,7,0
321,8,1
321,9,0
321,10,0
321,11,0
321,12,1
321,13,0
321,14,0
321,15,0
321,16,1
321,17,0
321,18,0
321,19,0
321,20,0
322,1,1
322,2,1
322,3,1
322,4,1
322,5,1
322,6,1
322,7,0
322,8,1
322,9,1
322,10,0
322,11,1
322,12,1
322,13,1
322,14,1
322,15,1
322,16,1
322,17,1
322,18,1
322,19,1
322,20,1
323,1,1
323,2,1
323,3,1
323,4,1
323,5,1
323,6,1
323,7,1
323,8,1
323,9,1
323,10,1
323,11,1
323,12,1
323,13,0
323,14,1
323,15,1
323,16,1
323,17,1
323,18,1
323,19,1
323,20,1
324,1,1
324,2,1
324,3,1
324,4,1
324,5,0
324,6,1
324,7,0
324,8,1
324,9,0
324,10,0
324,11,1
324,12,1
324,13,1
324,14,1
324,15,1
324,16,1
324,17,1
324,18,1
324,19,0
324,20,1
325,1,1
325,2,1
325,3,1
325,4,1
325,5,1
325,6,1
325,7,0
325,8,1
325,9,1
325,10,1
325,11,1
325,12,1
325,13,1
325,14,1
325,15,1
325,16,1
325,17,1
325,18,1
325,19,0
325,20,1
326,1,0
326,2,0
326,3,0
326,4,0
326,5,0
326,6,1
326,7,0
326,8,0
326,9,1
326,10,0
326,11,0
326,12,1
326,13,0
326,14,1
326,15,0
326,16,1
326,17,0
326,18,1
326,19,0
326,20,0
327,1,0
327,2,0
327,3,0
327,4,1
327,5,0
327,6,0
327,7,0
327,8,1
327,9,0
327,10,0
327,11,0
327,12,0
327,13,0
327,14,0
327,15,0
327,16,0
327,17,0
327,18,0
327,19,0
327,20,0
328,1,1
328,2,1
328,3,1
328,4,1
328,5,1
328,6,1
328,7,0
328,8,1
328,9,1
328,10,0
328,11,1
328,12,1
328,13,0
328,14,1
328,15,1
328,16,0
328,17,1
328,18,1
328,19,0
328,20,1
329,1,1
329,2,1
329,3,1
329,4,0
329,5,1
329,6,1
329,7,0
329,8,0
329,9,0
329,10,0
329,11,0
329,12,1
329,13,0
329,14,1
329,15,1
329,16,0
329,17,0
329,18,1
329,19,0
329,20,0
330,1,1
330,2,0
330,3,1
330,4,0
330,5,1
330,6,1
330,7,0
330,8,1
330,9,1
330,10,0
330,11,0
330,12,1
330,13,0
330,14,1
330,15,0
330,16,0
330,17,0
330,18,0
330,19,0
330,20,0
331,1,0
331,2,1
331,3,0
331,4,0
331,5,1
331,6,1
331,7,0
331,8,1
331,9,1
331,10,0
331,11,0
331,12,1
331,13,0
331,14,1
331,15,0
331,16,1
331,17,0
331,18,1
331,19,0
331,20,0
332,1,1
332,2,1
332,3,1
332,4,0
332,5,0
332,6,1
332,7,1
332,8,1
332,9,0
332,10,0
332,11,0
332,12,1
332,13,0
332,14,1
332,15,1
332,16,0
332,17,0
332,18,1
332,19,0
332,20,0
333,1,0
333,2,0
333,3,0
333,4,0
333,5,0
333,6,1
333,7,0
333,8,1
333,9,1
333,10,0
333,11,0
333,12,1
333,13,0
333,14,1
333,15,0
333,16,1
333,17,0
333,18,0
333,19,0
333,20,0
334,1,0
334,2,0
334,3,0
334,4,0
334,5,0
334,6,0
334,7,0
334,8,0
334,9,1
334,10,0
334,11,0
334,12,0
334,13,0
334,14,0
334,15,0
334,16,0
334,17,0
334,18,0
334,19,0
334,20,0
335,1,1
335,2,1
335,3,1
335,4,1
335,5,1
335,6,1
335,7,0
335,8,1
335,9,0
335,10,0
335,11,1
335,12,1
335,13,0
335,14,1
335,15,0
335,16,1
335,17,1
335,18,1
335,19,1
335,20,1
336,1,1
336,2,1
336,3,1
336,4,0
336,5,0
336,6,1
336,7,0
336,8,1
336,9,1
336,10,0
336,11,0
336,12,0
336,13,0
336,14,1
336,15,0
336,16,1
336,17,1
336,18,1
336,19,0
336,20,0
337,1,0
337,2,0
337,3,0
337,4,0
337,5,1
337,6,1
337,7,0
337,8,1
337,9,1
337,10,0
337,11,0
337,12,0
337,13,0
337,14,1
337,15,0
337,16,0
337,17,0
337,18,0
337,19,0
337,20,0
338,1,0
338,2,0
338,3,0
338,4,0
338,5,0
338,6,1
338,7,0
338,8,1
338,9,1
338,10,0
338,11,0
338,12,1
338,13,0
338,14,1
338,15,0
338,16,0
338,17,0
338,18,0
338,19,0
338,20,0
339,1,1
339,2,1
339,3,1
339,4,1
339,5,0
339,6,1
339,7,0
339,8,1
339,9,0
339,10,1
339,11,1
339,12,1
339,13,0
339,14,1
339,15,0
339,16,1
339,17,0
339,18,1
339,19,0
339,20,0
340,1,1
340,2,1
340,3,1
340,4,1
340,5,1
340,6,1
340,7,1
340,8,1
340,9,1
340,10,1
340,11,1
340,12,1
340,13,0
340,14,1
340,15,1
340,16,1
340,17,1
340,18,1
340,19,1
340,20,1
341,1,1
341,2,1
341,3,1
341,4,1
341,5,1
341,6,1
341,7,1
341,8,1
341,9,1
341,10,1
341,11,1
341,12,1
341,13,0
341,14,1
341,15,1
341,16,1
341,17,1
341,18,1
341,19,1
341,20,1
342,1,0
342,2,0
342,3,0
342,4,0
342,5,0
342,6,0
342,7,0
342,8,0
342,9,1
342,10,0
342,11,0
342,12,0
342,13,0
342,14,0
342,15,0
342,16,0
342,17,0
342,18,0
342,19,0
342,20,0
343,1,0
343,2,0
343,3,0
343,4,0
343,5,1
343,6,0
343,7,0
343,8,1
343,9,1
343,10,0
343,11,0
343,12,0
343,13,0
343,14,0
343,15,0
343,16,0
343,17,0
343,18,0
343,19,0
343,20,0
344,1,1
344,2,1
344,3,0
344,4,1
344,5,1
344,6,1
344,7,1
344,8,1
344,9,0
344,10,1
344,11,1
344,12,1
344,13,0
344,14,1
344,15,1
344,16,1
344,17,1
344,18,1
344,19,1
344,20,1
345,1,0
345,2,0
345,3,0
345,4,0
345,5,1
345,6,0
345,7,0
345,8,1
345,9,1
345,10,0
345,11,0
345,12,0
345,13,0
345,14,0
345,15,0
345,16,0
345,17,0
345,18,0
345,19,0
345,20,0
346,1,1
346,2,1
346,3,1
346,4,1
346,5,1
346,6,1
346,7,1
346,8,1
346,9,1
346,10,0
346,11,1
346,12,1
346,13,0
346,14,1
346,15,1
346,16,1
346,17,1
346,18,1
346,19,1
346,20,1
347,1,0
347,2,1
347,3,1
347,4,0
347,5,1
347,6,1
347,7,1
347,8,1
347,9,0
347,10,0
347,11,1
347,12,0
347,13,0
347,14,0
347,15,0
347,16,0
347,17,0
347,18,0
347,19,0
347,20,0
348,1,1
348,2,1
348,3,1
348,4,0
348,5,1
348,6,1
348,7,1
348,8,1
348,9,0
348,10,0
348,11,0
348,12,0
348,13,0
348,14,1
348,15,1
348,16,1
348,17,0
348,18,1
348,19,0
348,20,0
349,1,1
349,2,0
349,3,1
349,4,1
349,5,0
349,6,1
349,7,0
349,8,1
349,9,0
349,10,0
349,11,0
349,12,1
349,13,0
349,14,1
349,15,0
349,16,1
349,17,0
349,18,0
349,19,0
349,20,0
350,1,1
350,2,1
350,3,1
350,4,1
350,5,1
350,6,1
350,7,1
350,8,1
350,9,1
350,10,0
350,11,1
350,12,1
350,13,0
350,14,1
350,15,1
350,16,1
350,17,1
350,18,1
350,19,1
350,20,0
351,1,1
351,2,1
351,3,1
351,4,0
351,5,1
351,6,1
351,7,1
351,8,1
351,9,1
351,10,1
351,11,1
351,12,1
351,13,1
351,14,1
351,15,1
351,16,1
351,17,1
351,18,1
351,19,1
351,20,1
352,1,0
352,2,0
352,3,0
352,4,0
352,5,0
352,6,1
352,7,0
352,8,1
352,9,1
352,10,0
352,11,0
352,12,1
352,13,0
352,14,1
352,15,0
352,16,1
352,17,0
352,18,0
352,19,0
352,20,0
353,1,0
353,2,0
353,3,0
353,4,0
353,5,1
353,6,0
353,7,0
353,8,1
353,9,1
353,10,0
353,11,0
353,12,0
353,13,0
353,14,0
353,15,0
353,16,0
353,17,0
353,18,0
353,19,0
353,20,0
354,1,1
354,2,1
354,3,1
354,4,1
354,5,1
354,6,1
354,7,1
354,8,1
354,9,1
354,10,1
354,11,1
354,12,1
354,13,0
354,14,1
354,15,1
354,16,1
354,17,1
354,18,1
354,19,1
354,20,1
355,1,1
355,2,1
355,3,1
355,4,0
355,5,0
355,6,1
355,7,0
355,8,1
355,9,0
355,10,0
355,11,0
355,12,1
355,13,0
355,14,1
355,15,0
355,16,1
355,17,0
355,18,0
355,19,0
355,20,0
356,1,1
356,2,1
356,3,1
356,4,1
356,5,1
356,6,1
356,7,1
356,8,1
356,9,1
356,10,0
356,11,1
356,12,1
356,13,0
356,14,1
356,15,1
356,16,1
356,17,1
356,18,0
356,19,1
356,20,1
357,1,1
357,2,1
357,3,0
357,4,0
357,5,1
357,6,1
357,7,1
357,8,1
357,9,1
357,10,0
357,11,0
357,12,1
357,13,0
357,14,1
357,15,0
357,16,0
357,17,0
357,18,1
357,19,0
357,20,0
358,1,1
358,2,1
358,3,1
358,4,1
358,5,1
358,6,1
358,7,1
358,8,1
358,9,1
358,10,1
358,11,1
358,12,1
358,13,1
358,14,1
358,15,1
358,16,1
358,17,1
358,18,1
358,19,1
358,20,1
359,1,1
359,2,1
359,3,1
359,4,1
359,5,1
359,6,1
359,7,1
359,8,1
359,9,1
359,10,0
359,11,1
359,12,1
359,13,1
359,14,1
359,15,1
359,16,1
359,17,1
359,18,0
359,19,1
359,20,1
360,1,1
360,2,1
360,3,1
360,4,0
360,5,1
360,6,1
360,7,1
360,8,1
360,9,0
360,10,0
360,11,0
360,12,1
360,13,0
360,14,1
360,15,0
360,16,1
360,17,0
360,18,1
360,19,0
360,20,0
361,1,0
361,2,1
361,3,1
361,4,1
361,5,1
361,6,1
361,7,1
361,8,1
361,9,1
361,10,1
361,11,1
361,12,1
361,13,1
361,14,1
361,15,1
361,16,1
361,17,1
361,18,0
361,19,1
361,20,0
362,1,1
362,2,1
362,3,1
362,4,1
362,5,1
362,6,1
362,7,0
362,8,1
362,9,1
362,10,1
362,11,0
362,12,1
362,13,0
362,14,1
362,15,1
362,16,1
362,17,0
362,18,0
362,19,1
362,20,0
363,1,1
363,2,1
363,3,1
363,4,1
363,5,1
363,6,1
363,7,1
363,8,1
363,9,1
363,10,0
363,11,1
363,12,1
363,13,1
363,14,1
363,15,1
363,16,1
363,17,1
363,18,1
363,19,0
363,20,1
364,1,0
364,2,0
364,3,0
364,4,0
364,5,1
364,6,1
364,7,0
364,8,1
364,9,1
364,10,0
364,11,0
364,12,1
364,13,0
364,14,0
364,15,0
364,16,1
364,17,0
364,18,0
364,19,0
364,20,0
365,1,1
365,2,1
365,3,0
365,4,1
365,5,0
365,6,1
365,7,1
365,8,1
365,9,1
365,10,0
365,11,1
365,12,1
365,13,0
365,14,1
365,15,1
365,16,1
365,17,1
365,18,1
365,19,1
365,20,1
366,1,1
366,2,1
366,3,1
366,4,0
366,5,1
366,6,1
366,7,0
366,8,1
366,9,0
366,10,0
366,11,0
366,12,1
366,13,0
366,14,1
366,15,1
366,16,1
366,17,1
366,18,1
366,19,0
366,20,0
367,1,0
367,2,0
367,3,0
367,4,0
367,5,0
367,6,1
367,7,0
367,8,0
367,9,1
367,10,0
367,11,0
367,12,1
367,13,0
367,14,1
367,15,0
367,16,1
367,17,0
367,18,0
367,19,0
367,20,0
368,1,1
368,2,1
368,3,1
368,4,1
368,5,1
368,6,1
368,7,1
368,8,1
368,9,1
368,10,1
368,11,1
368,12,1
368,13,1
368,14,1
368,15,1
368,16,1
368,17,1
368,18,0
368,19,1
368,20,0
369,1,1
369,2,1
369,3,1
369,4,1
369,5,1
369,6,1
369,7,1
369,8,1
369,9,1
369,10,1
369,11,1
369,12,1
369,13,1
369,14,1
369,15,1
369,16,1
369,17,1
369,18,1
369,19,1
369,20,0
370,1,1
370,2,1
370,3,1
370,4,1
370,5,1
370,6,1
370,7,1
370,8,1
370,9,1
370,10,1
370,11,1
370,12,1
370,13,0
370,14,1
370,15,1
370,16,1
370,17,1
370,18,1
370,19,1
370,20,1
371,1,1
371,2,0
371,3,1
371,4,0
371,5,0
371,6,1
371,7,0
371,8,1
371,9,1
371,10,0
371,11,0
371,12,1
371,13,0
371,14,0
371,15,0
371,16,1
371,17,0
371,18,0
371,19,0
371,20,0
372,1,0
372,2,0
372,3,0
372,4,0
372,5,1
372,6,1
372,7,0
372,8,0
372,9,1
372,10,0
372,11,0
372,12,1
372,13,0
372,14,1
372,15,0
372,16,1
372,17,0
372,18,0
372,19,0
372,20,0
373,1,0
373,2,1
373,3,1
373,4,0
373,5,0
373,6,1
373,7,0
373,8,1
373,9,1
373,10,0
373,11,0
373,12,0
373,13,0
373,14,1
373,15,0
373,16,1
373,17,0
373,18,1
373,19,0
373,20,0
374,1,1
374,2,1
374,3,1
374,4,1
374,5,1
374,6,1
374,7,0
374,8,1
374,9,1
374,10,1
374,11,1
374,12,1
374,13,1
374,14,1
374,15,1
374,16,1
374,17,1
374,18,0
374,19,0
374,20,1
375,1,1
375,2,1
375,3,1
375,4,0
375,5,1
375,6,1
375,7,1
375,8,1
375,9,1
375,10,1
375,11,1
375,12,1
375,13,0
375,14,1
375,15,1
375,16,1
375,17,1
375,18,1
375,19,0
375,20,1
376,1,1
376,2,1
376,3,1
376,4,1
376,5,1
376,6,1
376,7,0
376,8,1
376,9,1
376,10,1
376,11,0
376,12,1
376,13,1
376,14,1
376,15,1
376,16,1
376,17,1
376,18,1
376,19,0
376,20,1
377,1,0
377,2,0
377,3,0
377,4,0
377,5,1
377,6,1
377,7,0
377,8,0
377,9,1
377,10,0
377,11,0
377,12,1
377,13,0
377,14,1
377,15,0
377,16,1
377,17,0
377,18,0
377,19,0
377,20,0
378,1,1
378,2,1
378,3,1
378,4,0
378,5,1
378,6,1
378,7,0
378,8,0
378,9,1
378,10,0
378,11,1
378,12,1
378,13,0
378,14,1
378,15,0
378,16,1
378,17,0
378,18,1
378,19,0
378,20,0
379,1,1
379,2,1
379,3,1
379,4,0
379,5,1
379,6,1
379,7,0
379,8,1
379,9,1
379,10,0
379,11,0
379,12,1
379,13,0
379,14,1
379,15,1
379,16,1
379,17,0
379,18,1
379,19,0
379,20,0
380,1,1
380,2,0
380,3,0
380,4,0
380,5,0
380,6,1
380,7,0
380,8,1
380,9,1
380,10,0
380,11,0
380,12,0
380,13,0
380,14,1
380,15,0
380,16,1
380,17,0
380,18,0
380,19,0
380,20,0
381,1,1
381,2,1
381,3,1
381,4,0
381,5,0
381,6,1
381,7,0
381,8,0
381,9,0
381,10,0
381,11,0
381,12,1
381,13,0
381,14,1
381,15,0
381,16,1
381,17,0
381,18,0
381,19,0
381,20,0
382,1,0
382,2,1
382,3,1
382,4,0
382,5,1
382,6,1
382,7,0
382,8,1
382,9,1
382,10,0
382,11,0
382,12,1
382,13,0
382,14,1
382,15,0
382,16,1
382,17,0
382,18,0
382,19,0
382,20,0
383,1,1
383,2,1
383,3,1
383,4,1
383,5,1
383,6,1
383,7,1
383,8,1
383,9,1
383,10,0
383,11,1
383,12,1
383,13,0
383,14,1
383,15,1
383,16,1
383,17,1
383,18,1
383,19,1
383,20,1
384,1,1
384,2,1
384,3,1
384,4,1
384,5,1
384,6,1
384,7,1
384,8,1
384,9,1
384,10,1
384,11,0
384,12,1
384,13,1
384,14,1
384,15,1
384,16,1
384,17,1
384,18,1
384,19,0
384,20,0
385,1,1
385,2,1
385,3,1
385,4,1
385,5,1
385,6,1
385,7,0
385,8,1
385,9,0
385,10,0
385,11,1
385,12,1
385,13,1
385,14,1
385,15,1
385,16,1
385,17,1
385,18,1
385,19,1
385,20,1
386,1,1
386,2,1
386,3,1
386,4,0
386,5,1
386,6,1
386,7,0
386,8,0
386,9,1
386,10,1
386,11,0
386,12,1
386,13,0
386,14,1
386,15,0
386,16,1
386,17,0
386,18,0
386,19,0
386,20,0
387,1,0
387,2,0
387,3,0
387,4,0
387,5,1
387,6,1
387,7,0
387,8,0
387,9,1
387,10,0
387,11,0
387,12,1
387,13,0
387,14,1
387,15,0
387,16,1
387,17,0
387,18,0
387,19,0
387,20,0
388,1,1
388,2,1
388,3,1
388,4,0
388,5,1
388,6,1
388,7,0
388,8,1
388,9,0
388,10,0
388,11,0
388,12,1
388,13,0
388,14,1
388,15,0
388,16,1
388,17,0
388,18,0
388,19,0
388,20,0
389,1,1
389,2,1
389,3,1
389,4,1
389,5,1
389,6,1
389,7,1
389,8,1
389,9,1
389,10,1
389,11,1
389,12,1
389,13,0
389,14,1
389,15,1
389,16,1
389,17,1
389,18,1
389,19,1
389,20,1
390,1,0
390,2,0
390,3,0
390,4,0
390,5,1
390,6,1
390,7,0
390,8,1
390,9,1
390,10,0
390,11,0
390,12,1
390,13,0
390,14,1
390,15,0
390,16,1
390,17,0
390,18,1
390,19,0
390,20,0
391,1,0
391,2,1
391,3,1
391,4,0
391,5,1
391,6,1
391,7,0
391,8,1
391,9,0
391,10,0
391,11,0
391,12,1
391,13,0
391,14,1
391,15,0
391,16,1
391,17,0
391,18,0
391,19,0
391,20,0
392,1,0
392,2,0
392,3,0
392,4,0
392,5,0
392,6,1
392,7,0
392,8,0
392,9,0
392,10,0
392,11,0
392,12,1
392,13,0
392,14,1
392,15,0
392,16,1
392,17,0
392,18,0
392,19,0
392,20,0
393,1,0
393,2,0
393,3,0
393,4,0
393,5,1
393,6,1
393,7,0
393,8,0
393,9,0
393,10,0
393,11,0
393,12,1
393,13,0
393,14,1
393,15,0
393,16,1
393,17,0
393,18,0
393,19,0
393,20,0
394,1,1
394,2,1
394,3,1
394,4,1
394,5,1
394,6,1
394,7,1
394,8,1
394,9,1
394,10,1
394,11,1
394,12,1
394,13,1
394,14,1
394,15,1
394,16,1
394,17,1
394,18,1
394,19,1
394,20,1
395,1,0
395,2,0
395,3,0
395,4,0
395,5,1
395,6,0
395,7,0
395,8,1
395,9,1
395,10,0
395,11,0
395,12,0
395,13,0
395,14,0
395,15,0
395,16,0
395,17,0
395,18,0
395,19,0
395,20,0
396,1,1
396,2,1
396,3,1
396,4,1
396,5,1
396,6,1
396,7,1
396,8,1
396,9,1
396,10,1
396,11,1
396,12,1
396,13,1
396,14,1
396,15,1
396,16,1
396,17,1
396,18,1
396,19,1
396,20,1
397,1,0
397,2,0
397,3,0
397,4,0
397,5,1
397,6,0
397,7,0
397,8,1
397,9,1
397,10,0
397,11,0
397,12,0
397,13,0
397,14,0
397,15,0
397,16,0
397,17,0
397,18,0
397,19,0
397,20,0
398,1,1
398,2,1
398,3,1
398,4,0
398,5,1
398,6,1
398,7,0
398,8,1
398,9,1
398,10,0
398,11,0
398,12,1
398,13,0
398,14,1
398,15,0
398,16,1
398,17,0
398,18,0
398,19,0
398,20,0
399,1,0
399,2,0
399,3,0
399,4,0
399,5,0
399,6,0
399,7,0
399,8,1
399,9,0
399,10,0
399,11,0
399,12,0
399,13,0
399,14,0
399,15,0
399,16,0
399,17,0
399,18,0
399,19,0
399,20,0
400,1,0
400,2,1
400,3,1
400,4,1
400,5,0
400,6,1
400,7,1
400,8,1
400,9,1
400,10,1
400,11,1
400,12,1
400,13,1
400,14,1
400,15,1
400,16,1
400,17,1
400,18,1
400,19,1
400,20,1
401,1,1
401,2,1
401,3,1
401,4,0
401,5,0
401,6,1
401,7,1
401,8,1
401,9,0
401,10,0
401,11,0
401,12,0
401,13,0
401,14,1
401,15,1
401,16,1
401,17,0
401,18,0
401,19,0
401,20,0
402,1,1
402,2,1
402,3,1
402,4,1
402,5,1
402,6,1
402,7,0
402,8,1
402,9,1
402,10,1
402,11,1
402,12,0
402,13,1
402,14,1
402,15,0
402,16,1
402,17,0
402,18,1
402,19,0
402,20,1
403,1,1
403,2,1
403,3,1
403,4,1
403,5,1
403,6,1
403,7,1
403,8,1
403,9,0
403,10,0
403,11,1
403,12,1
403,13,1
403,14,1
403,15,0
403,16,1
403,17,1
403,18,1
403,19,1
403,20,1
404,1,0
404,2,0
404,3,0
404,4,1
404,5,0
404,6,1
404,7,0
404,8,1
404,9,1
404,10,0
404,11,0
404,12,1
404,13,0
404,14,1
404,15,1
404,16,1
404,17,0
404,18,0
404,19,0
404,20,0
405,1,1
405,2,1
405,3,1
405,4,1
405,5,1
405,6,1
405,7,0
405,8,1
405,9,1
405,10,1
405,11,1
405,12,1
405,13,1
405,14,1
405,15,0
405,16,1
405,17,1
405,18,1
405,19,0
405,20,1
406,1,0
406,2,0
406,3,0
406,4,1
406,5,0
406,6,0
406,7,0
406,8,1
406,9,0
406,10,0
406,11,0
406,12,0
406,13,0
406,14,0
406,15,0
406,16,0
406,17,0
406,18,0
406,19,0
406,20,0
407,1,0
407,2,0
407,3,0
407,4,0
407,5,0
407,6,1
407,7,0
407,8,1
407,9,1
407,10,0
407,11,0
407,12,1
407,13,0
407,14,1
407,15,1
407,16,1
407,17,0
407,18,0
407,19,0
407,20,0
408,1,0
408,2,0
408,3,0
408,4,1
408,5,0
408,6,0
408,7,0
408,8,1
408,9,0
408,10,0
408,11,0
408,12,0
408,13,0
408,14,0
408,15,0
408,16,0
408,17,0
408,18,0
408,19,0
408,20,0
409,1,1
409,2,1
409,3,1
409,4,1
409,5,1
409,6,1
409,7,1
409,8,1
409,9,0
409,10,0
409,11,1
409,12,1
409,13,1
409,14,1
409,15,1
409,16,1
409,17,1
409,18,0
409,19,1
409,20,0
410,1,1
410,2,1
410,3,1
410,4,0
410,5,1
410,6,1
410,7,1
410,8,1
410,9,1
410,10,1
410,11,0
410,12,1
410,13,1
410,14,1
410,15,1
410,16,1
410,17,1
410,18,1
410,19,1
410,20,1
411,1,1
411,2,0
411,3,1
411,4,0
411,5,1
411,6,1
411,7,0
411,8,0
411,9,1
411,10,0
411,11,0
411,12,1
411,13,0
411,14,1
411,15,0
411,16,1
411,17,0
411,18,0
411,19,0
411,20,0
412,1,0
412,2,0
412,3,0
412,4,0
412,5,0
412,6,1
412,7,0
412,8,1
412,9,1
412,10,0
412,11,0
412,12,1
412,13,0
412,14,1
412,15,0
412,16,1
412,17,0
412,18,0
412,19,0
412,20,0
413,1,1
413,2,1
413,3,1
413,4,0
413,5,1
413,6,1
413,7,1
413,8,1
413,9,1
413,10,1
413,11,1
413,12,1
413,13,1
413,14,1
413,15,1
413,16,1
413,17,1
413,18,1
413,19,1
413,20,1
414,1,0
414,2,0
414,3,0
414,4,0
414,5,0
414,6,0
414,7,0
414,8,0
414,9,0
414,10,0
414,11,0
414,12,1
414,13,0
414,14,1
414,15,0
414,16,1
414,17,0
414,18,0
414,19,0
414,20,0
415,1,0
415,2,0
415,3,0
415,4,0
415,5,1
415,6,0
415,7,0
415,8,0
415,9,1
415,10,0
415,11,0
415,12,0
415,13,0
415,14,0
415,15,0
415,16,0
415,17,0
415,18,0
415,19,0
415,20,0
416,1,0
416,2,0
416,3,0
416,4,0
416,5,0
416,6,1
416,7,0
416,8,1
416,9,1
416,10,0
416,11,0
416,12,1
416,13,0
416,14,1
416,15,0
416,16,1
416,17,1
416,18,0
416,19,0
416,20,0
417,1,0
417,2,0
417,3,0
417,4,0
417,5,1
417,6,1
417,7,0
417,8,0
417,9,0
417,10,0
417,11,1
417,12,1
417,13,0
417,14,1
417,15,0
417,16,1
417,17,0
417,18,0
417,19,0
417,20,0
418,1,0
418,2,0
418,3,0
418,4,1
418,5,0
418,6,1
418,7,0
418,8,1
418,9,1
418,10,0
418,11,0
418,12,0
418,13,0
418,14,1
418,15,0
418,16,1
418,17,0
418,18,0
418,19,0
418,20,0
419,1,1
419,2,1
419,3,1
419,4,0
419,5,1
419,6,1
419,7,0
419,8,1
419,9,1
419,10,0
419,11,0
419,12,1
419,13,0
419,14,1
419,15,0
419,16,1
419,17,0
419,18,0
419,19,0
419,20,0
420,1,0
420,2,0
420,3,0
420,4,1
420,5,1
420,6,1
420,7,0
420,8,1
420,9,1
420,10,0
420,11,1
420,12,0
420,13,0
420,14,1
420,15,0
420,16,1
420,17,0
420,18,0
420,19,0
420,20,0
421,1,0
421,2,0
421,3,0
421,4,0
421,5,1
421,6,0
421,7,0
421,8,0
421,9,1
421,10,0
421,11,0
421,12,0
421,13,0
421,14,0
421,15,0
421,16,0
421,17,0
421,18,0
421,19,0
421,20,0
422,1,1
422,2,1
422,3,1
422,4,1
422,5,0
422,6,1
422,7,0
422,8,0
422,9,1
422,10,0
422,11,1
422,12,1
422,13,1
422,14,1
422,15,1
422,16,1
422,17,1
422,18,1
422,19,1
422,20,0
423,1,0
423,2,0
423,3,0
423,4,0
423,5,1
423,6,0
423,7,0
423,8,1
423,9,0
423,10,0
423,11,0
423,12,0
423,13,0
423,14,0
423,15,0
423,16,0
423,17,0
423,18,0
423,19,0
423,20,0
424,1,0
424,2,0
424,3,0
424,4,0
424,5,1
424,6,1
424,7,0
424,8,1
424,9,1
424,10,0
424,11,0
424,12,1
424,13,0
424,14,1
424,15,0
424,16,1
424,17,0
424,18,0
424,19,0
424,20,0
425,1,0
425,2,0
425,3,0
425,4,0
425,5,1
425,6,1
425,7,0
425,8,1
425,9,1
425,10,0
425,11,0
425,12,1
425,13,0
425,14,1
425,15,0
425,16,1
425,17,0
425,18,0
425,19,0
425,20,0
426,1,0
426,2,0
426,3,0
426,4,1
426,5,0
426,6,0
426,7,0
426,8,1
426,9,0
426,10,0
426,11,0
426,12,0
426,13,0
426,14,0
426,15,0
426,16,0
426,17,0
426,18,0
426,19,0
426,20,0
427,1,0
427,2,1
427,3,0
427,4,0
427,5,1
427,6,1
427,7,0
427,8,0
427,9,1
427,10,0
427,11,0
427,12,0
427,13,0
427,14,1
427,15,0
427,16,1
427,17,0
427,18,0
427,19,0
427,20,0
428,1,1
428,2,1
428,3,1
428,4,1
428,5,1
428,6,1
428,7,0
428,8,1
428,9,1
428,10,1
428,11,1
428,12,1
428,13,1
428,14,1
428,15,0
428,16,1
428,17,1
428,18,1
428,19,0
428,20,1
429,1,1
429,2,1
429,3,1
429,4,1
429,5,1
429,6,1
429,7,1
429,8,1
429,9,1
429,10,1
429,11,1
429,12,1
429,13,0
429,14,1
429,15,1
429,16,1
429,17,1
429,18,1
429,19,0
429,20,1
430,1,0
430,2,0
430,3,0
430,4,1
430,5,0
430,6,1
430,7,0
430,8,1
430,9,1
430,10,0
430,11,0
430,12,1
430,13,0
430,14,1
430,15,0
430,16,1
430,17,0
430,18,0
430,19,0
430,20,0
431,1,1
431,2,1
431,3,1
431,4,1
431,5,1
431,6,1
431,7,1
431,8,1
431,9,1
431,10,1
431,11,1
431,12,1
431,13,1
431,14,1
431,15,1
431,16,1
431,17,1
431,18,1
431,19,1
431,20,1
432,1,1
432,2,1
432,3,1
432,4,1
432,5,0
432,6,1
432,7,1
432,8,1
432,9,1
432,10,1
432,11,1
432,12,1
432,13,0
432,14,1
432,15,1
432,16,1
432,17,1
432,18,1
432,19,0
432,20,1
433,1,1
433,2,1
433,3,1
433,4,1
433,5,0
433,6,1
433,7,1
433,8,1
433,9,1
433,10,1
433,11,1
433,12,1
433,13,0
433,14,1
433,15,1
433,16,1
433,17,1
433,18,1
433,19,0
433,20,1
434,1,1
434,2,1
434,3,1
434,4,1
434,5,1
434,6,1
434,7,0
434,8,1
434,9,1
434,10,1
434,11,1
434,12,1
434,13,1
434,14,1
434,15,1
434,16,1
434,17,1
434,18,1
434,19,0
434,20,1
435,1,0
435,2,0
435,3,0
435,4,0
435,5,0
435,6,0
435,7,0
435,8,1
435,9,1
435,10,0
435,11,0
435,12,0
435,13,0
435,14,0
435,15,0
435,16,0
435,17,0
435,18,0
435,19,0
435,20,0
436,1,0
436,2,0
436,3,0
436,4,1
436,5,0
436,6,0
436,7,0
436,8,1
436,9,0
436,10,0
436,11,0
436,12,0
436,13,0
436,14,0
436,15,0
436,16,0
436,17,0
436,18,0
436,19,0
436,20,0
437,1,0
437,2,0
437,3,0
437,4,0
437,5,0
437,6,1
437,7,0
437,8,1
437,9,1
437,10,0
437,11,0
437,12,1
437,13,0
437,14,1
437,15,0
437,16,1
437,17,0
437,18,0
437,19,0
437,20,0
438,1,1
438,2,1
438,3,1
438,4,0
438,5,0
438,6,1
438,7,1
438,8,1
438,9,1
438,10,0
438,11,0
438,12,1
438,13,0
438,14,1
438,15,1
438,16,1
438,17,0
438,18,0
438,19,0
438,20,0
439,1,1
439,2,0
439,3,1
439,4,1
439,5,1
439,6,1
439,7,1
439,8,1
439,9,1
439,10,1
439,11,1
439,12,1
439,13,1
439,14,1
439,15,1
439,16,1
439,17,1
439,18,0
439,19,0
439,20,1
440,1,1
440,2,1
440,3,0
440,4,1
440,5,1
440,6,1
440,7,1
440,8,1
440,9,1
440,10,1
440,11,1
440,12,1
440,13,0
440,14,1
440,15,1
440,16,1
440,17,1
440,18,1
440,19,0
440,20,1
441,1,0
441,2,0
441,3,0
441,4,0
441,5,1
441,6,0
441,7,0
441,8,1
441,9,1
441,10,0
441,11,0
441,12,0
441,13,0
441,14,0
441,15,0
441,16,0
441,17,0
441,18,0
441,19,0
441,20,0
442,1,0
442,2,0
442,3,0
442,4,1
442,5,0
442,6,0
442,7,0
442,8,1
442,9,0
442,10,0
442,11,0
442,12,0
442,13,0
442,14,0
442,15,0
442,16,0
442,17,0
442,18,0
442,19,0
442,20,0
443,1,1
443,2,1
443,3,1
443,4,1
443,5,0
443,6,1
443,7,1
443,8,1
443,9,1
443,10,0
443,11,1
443,12,1
443,13,0
443,14,1
443,15,0
443,16,1
443,17,1
443,18,1
443,19,1
443,20,1
444,1,1
444,2,1
444,3,1
444,4,0
444,5,1
444,6,1
444,7,1
444,8,1
444,9,1
444,10,0
444,11,0
444,12,1
444,13,0
444,14,1
444,15,1
444,16,1
444,17,0
444,18,1
444,19,0
444,20,0
445,1,1
445,2,1
445,3,1
445,4,1
445,5,1
445,6,1
445,7,1
445,8,1
445,9,1
445,10,0
445,11,1
445,12,1
445,13,1
445,14,1
445,15,1
445,16,1
445,17,1
445,18,1
445,19,1
445,20,1
446,1,0
446,2,0
446,3,0
446,4,1
446,5,0
446,6,0
446,7,0
446,8,1
446,9,0
446,10,0
446,11,0
446,12,0
446,13,0
446,14,0
446,15,0
446,16,0
446,17,0
446,18,0
446,19,0
446,20,0
447,1,1
447,2,1
447,3,1
447,4,1
447,5,1
447,6,1
447,7,0
447,8,1
447,9,1
447,10,1
447,11,1
447,12,1
447,13,1
447,14,1
447,15,0
447,16,1
447,17,0
447,18,1
447,19,0
447,20,1
448,1,1
448,2,1
448,3,1
448,4,0
448,5,0
448,6,1
448,7,1
448,8,1
448,9,1
448,10,0
448,11,0
448,12,1
448,13,1
448,14,1
448,15,1
448,16,1
448,17,0
448,18,1
448,19,0
448,20,0
449,1,1
449,2,1
449,3,1
449,4,1
449,5,0
449,6,1
449,7,0
449,8,1
449,9,0
449,10,1
449,11,1
449,12,1
449,13,0
449,14,0
449,15,0
449,16,1
449,17,0
449,18,0
449,19,0
449,20,0
450,1,0
450,2,0
450,3,0
450,4,0
450,5,0
450,6,1
450,7,0
450,8,0
450,9,1
450,10,0
450,11,1
450,12,1
450,13,0
450,14,1
450,15,0
450,16,1
450,17,0
450,18,0
450,19,0
450,20,0
451,1,0
451,2,0
451,3,0
451,4,0
451,5,0
451,6,1
451,7,0
451,8,1
451,9,1
451,10,0
451,11,0
451,12,1
451,13,0
451,14,0
451,15,0
451,16,1
451,17,0
451,18,0
451,19,0
451,20,0
452,1,0
452,2,0
452,3,0
452,4,0
452,5,0
452,6,1
452,7,1
452,8,1
452,9,0
452,10,0
452,11,0
452,12,1
452,13,0
452,14,1
452,15,0
452,16,1
452,17,0
452,18,0
452,19,0
452,20,0
453,1,1
453,2,1
453,3,1
453,4,1
453,5,0
453,6,1
453,7,1
453,8,1
453,9,1
453,10,1
453,11,1
453,12,1
453,13,1
453,14,1
453,15,1
453,16,1
453,17,1
453,18,0
453,19,1
453,20,1
454,1,0
454,2,0
454,3,0
454,4,1
454,5,0
454,6,0
454,7,0
454,8,1
454,9,0
454,10,0
454,11,0
454,12,0
454,13,0
454,14,0
454,15,0
454,16,0
454,17,0
454,18,0
454,19,0
454,20,0
455,1,0
455,2,0
455,3,0
455,4,0
455,5,1
455,6,0
455,7,0
455,8,1
455,9,1
455,10,0
455,11,0
455,12,0
455,13,0
455,14,1
455,15,1
455,16,1
455,17,1
455,18,0
455,19,0
455,20,0
456,1,1
456,2,1
456,3,1
456,4,1
456,5,1
456,6,1
456,7,1
456,8,1
456,9,1
456,10,1
456,11,1
456,12,1
456,13,0
456,14,1
456,15,1
456,16,1
456,17,1
456,18,0
456,19,1
456,20,1
457,1,0
457,2,1
457,3,1
457,4,1
457,5,1
457,6,1
457,7,0
457,8,1
457,9,0
457,10,0
457,11,0
457,12,1
457,13,0
457,14,1
457,15,0
457,16,1
457,17,0
457,18,1
457,19,0
457,20,0
458,1,1
458,2,1
458,3,1
458,4,1
458,5,1
458,6,1
458,7,1
458,8,1
458,9,1
458,10,0
458,11,1
458,12,1
458,13,0
458,14,1
458,15,1
458,16,1
458,17,1
458,18,1
458,19,1
458,20,1
459,1,1
459,2,1
459,3,1
459,4,1
459,5,1
459,6,1
459,7,1
459,8,1
459,9,0
459,10,1
459,11,1
459,12,1
459,13,0
459,14,1
459,15,1
459,16,1
459,17,1
459,18,0
459,19,1
459,20,1
460,1,1
460,2,1
460,3,1
460,4,0
460,5,1
460,6,1
460,7,1
460,8,1
460,9,0
460,10,0
460,11,0
460,12,1
460,13,0
460,14,1
460,15,1
460,16,1
460,17,0
460,18,0
460,19,0
460,20,0
461,1,1
461,2,1
461,3,1
461,4,0
461,5,1
461,6,1
461,7,1
461,8,1
461,9,1
461,10,0
461,11,0
461,12,1
461,13,0
461,14,1
461,15,1
461,16,1
461,17,0
461,18,1
461,19,0
461,20,0
462,1,0
462,2,0
462,3,0
462,4,0
462,5,1
462,6,1
462,7,0
462,8,0
462,9,1
462,10,0
462,11,0
462,12,1
462,13,0
462,14,1
462,15,0
462,16,0
462,17,0
462,18,0
462,19,0
462,20,0
463,1,1
463,2,0
463,3,0
463,4,1
463,5,1
463,6,1
463,7,0
463,8,1
463,9,1
463,10,0
463,11,0
463,12,1
463,13,0
463,14,0
463,15,0
463,16,1
463,17,0
463,18,0
463,19,0
463,20,0
464,1,0
464,2,1
464,3,1
464,4,1
464,5,1
464,6,1
464,7,1
464,8,1
464,9,1
464,10,0
464,11,1
464,12,1
464,13,1
464,14,1
464,15,1
464,16,1
464,17,0
464,18,1
464,19,0
464,20,1
465,1,1
465,2,1
465,3,1
465,4,0
465,5,1
465,6,1
465,7,1
465,8,0
465,9,1
465,10,0
465,11,0
465,12,1
465,13,0
465,14,1
465,15,0
465,16,1
465,17,0
465,18,1
465,19,0
465,20,0
466,1,1
466,2,1
466,3,1
466,4,1
466,5,1
466,6,1
466,7,0
466,8,1
466,9,1
466,10,1
466,11,1
466,12,1
466,13,0
466,14,1
466,15,1
466,16,1
466,17,1
466,18,1
466,19,0
466,20,1
467,1,0
467,2,1
467,3,0
467,4,0
467,5,0
467,6,1
467,7,0
467,8,1
467,9,1
467,10,0
467,11,0
467,12,1
467,13,0
467,14,1
467,15,0
467,16,1
467,17,0
467,18,0
467,19,0
467,20,0
468,1,1
468,2,1
468,3,1
468,4,1
468,5,1
468,6,1
468,7,1
468,8,1
468,9,1
468,10,1
468,11,1
468,12,1
468,13,0
468,14,1
468,15,1
468,16,1
468,17,1
468,18,1
468,19,1
468,20,1
469,1,1
469,2,1
469,3,1
469,4,0
469,5,1
469,6,1
469,7,1
469,8,0
469,9,0
469,10,0
469,11,0
469,12,1
469,13,0
469,14,1
469,15,1
469,16,1
469,17,0
469,18,1
469,19,0
469,20,0
470,1,1
470,2,1
470,3,1
470,4,1
470,5,1
470,6,1
470,7,1
470,8,1
470,9,1
470,10,1
470,11,0
470,12,1
470,13,0
470,14,1
470,15,0
470,16,1
470,17,1
470,18,0
470,19,0
470,20,1
471,1,1
471,2,1
471,3,1
471,4,0
471,5,1
471,6,1
471,7,1
471,8,1
471,9,1
471,10,0
471,11,0
471,12,1
471,13,0
471,14,1
471,15,1
471,16,1
471,17,0
471,18,1
471,19,0
471,20,0
472,1,1
472,2,1
472,3,1
472,4,1
472,5,1
472,6,1
472,7,1
472,8,1
472,9,1
472,10,1
472,11,1
472,12,1
472,13,0
472,14,1
472,15,1
472,16,1
472,17,1
472,18,1
472,19,0
472,20,1
473,1,1
473,2,1
473,3,1
473,4,0
473,5,1
473,6,1
473,7,0
473,8,0
473,9,1
473,10,1
473,11,1
473,12,1
473,13,0
473,14,1
473,15,1
473,16,1
473,17,1
473,18,1
473,19,1
473,20,1
474,1,1
474,2,1
474,3,1
474,4,0
474,5,1
474,6,1
474,7,0
474,8,0
474,9,1
474,10,1
474,11,1
474,12,1
474,13,0
474,14,1
474,15,1
474,16,1
474,17,1
474,18,1
474,19,1
474,20,1
475,1,0
475,2,0
475,3,0
475,4,0
475,5,0
475,6,0
475,7,0
475,8,1
475,9,0
475,10,0
475,11,0
475,12,0
475,13,0
475,14,0
475,15,0
475,16,0
475,17,0
475,18,0
475,19,0
475,20,0
476,1,1
476,2,1
476,3,1
476,4,1
476,5,1
476,6,1
476,7,1
476,8,1
476,9,1
476,10,1
476,11,1
476,12,1
476,13,1
476,14,1
476,15,1
476,16,1
476,17,1
476,18,1
476,19,0
476,20,1
477,1,1
477,2,1
477,3,1
477,4,0
477,5,1
477,6,1
477,7,1
477,8,1
477,9,0
477,10,0
477,11,0
477,12,1
477,13,0
477,14,1
477,15,1
477,16,1
477,17,0
477,18,0
477,19,0
477,20,0
478,1,1
478,2,1
478,3,0
478,4,1
478,5,1
478,6,1
478,7,1
478,8,1
478,9,1
478,10,1
478,11,0
478,12,1
478,13,0
478,14,1
478,15,1
478,16,1
478,17,1
478,18,1
478,19,0
478,20,1
479,1,0
479,2,1
479,3,1
479,4,0
479,5,1
479,6,1
479,7,0
479,8,0
479,9,1
479,10,0
479,11,0
479,12,1
479,13,0
479,14,1
479,15,0
479,16,1
479,17,0
479,18,0
479,19,0
479,20,0
480,1,1
480,2,1
480,3,1
480,4,0
480,5,1
480,6,1
480,7,0
480,8,1
480,9,1
480,10,1
480,11,0
480,12,1
480,13,1
480,14,1
480,15,1
480,16,1
480,17,1
480,18,1
480,19,0
480,20,1
481,1,1
481,2,1
481,3,1
481,4,1
481,5,1
481,6,1
481,7,1
481,8,1
481,9,1
481,10,0
481,11,1
481,12,1
481,13,0
481,14,1
481,15,1
481,16,1
481,17,1
481,18,1
481,19,0
481,20,1
482,1,0
482,2,0
482,3,0
482,4,1
482,5,0
482,6,1
482,7,0
482,8,1
482,9,1
482,10,0
482,11,0
482,12,1
482,13,0
482,14,1
482,15,0
482,16,0
482,17,0
482,18,0
482,19,0
482,20,0
483,1,1
483,2,1
483,3,1
483,4,1
483,5,0
483,6,1
483,7,0
483,8,1
483,9,1
483,10,0
483,11,0
483,12,1
483,13,0
483,14,1
483,15,0
483,16,1
483,17,0
483,18,0
483,19,0
483,20,0
484,1,1
484,2,1
484,3,1
484,4,0
484,5,1
484,6,1
484,7,0
484,8,1
484,9,1
484,10,0
484,11,0
484,12,1
484,13,0
484,14,1
484,15,0
484,16,1
484,17,0
484,18,0
484,19,0
484,20,0
485,1,1
485,2,1
485,3,1
485,4,0
485,5,1
485,6,1
485,7,0
485,8,1
485,9,1
485,10,0
485,11,0
485,12,1
485,13,0
485,14,1
485,15,0
485,16,1
485,17,0
485,18,0
485,19,0
485,20,0
486,1,0
486,2,0
486,3,0
486,4,1
486,5,0
486,6,1
486,7,0
486,8,1
486,9,0
486,10,0
486,11,1
486,12,1
486,13,0
486,14,1
486,15,0
486,16,1
486,17,1
486,18,1
486,19,0
486,20,0
487,1,1
487,2,1
487,3,0
487,4,1
487,5,1
487,6,1
487,7,0
487,8,1
487,9,1
487,10,1
487,11,1
487,12,1
487,13,0
487,14,1
487,15,0
487,16,1
487,17,1
487,18,1
487,19,0
487,20,1
488,1,0
488,2,0
488,3,0
488,4,0
488,5,1
488,6,1
488,7,0
488,8,1
488,9,1
488,10,0
488,11,0
488,12,1
488,13,0
488,14,1
488,15,0
488,16,1
488,17,0
488,18,0
488,19,0
488,20,0
489,1,1
489,2,1
489,3,1
489,4,1
489,5,1
489,6,1
489,7,0
489,8,1
489,9,1
489,10,1
489,11,1
489,12,1
489,13,1
489,14,1
489,15,1
489,16,1
489,17,1
489,18,1
489,19,0
489,20,0
490,1,0
490,2,1
490,3,0
490,4,0
490,5,1
490,6,1
490,7,0
490,8,1
490,9,1
490,10,0
490,11,0
490,12,1
490,13,0
490,14,0
490,15,0
490,16,1
490,17,0
490,18,0
490,19,0
490,20,0
491,1,0
491,2,0
491,3,0
491,4,1
491,5,0
491,6,0
491,7,0
491,8,1
491,9,0
491,10,0
491,11,0
491,12,0
491,13,0
491,14,0
491,15,0
491,16,0
491,17,0
491,18,0
491,19,0
491,20,0
492,1,1
492,2,1
492,3,1
492,4,0
492,5,1
492,6,1
492,7,1
492,8,1
492,9,1
492,10,1
492,11,0
492,12,1
492,13,0
492,14,1
492,15,0
492,16,1
492,17,0
492,18,0
492,19,0
492,20,0
493,1,0
493,2,0
493,3,0
493,4,0
493,5,0
493,6,0
493,7,0
493,8,0
493,9,1
493,10,0
493,11,0
493,12,0
493,13,0
493,14,0
493,15,0
493,16,0
493,17,0
493,18,0
493,19,0
493,20,0
494,1,1
494,2,1
494,3,1
494,4,1
494,5,1
494,6,1
494,7,1
494,8,1
494,9,1
494,10,1
494,11,1
494,12,1
494,13,0
494,14,0
494,15,1
494,16,1
494,17,1
494,18,1
494,19,1
494,20,1
495,1,0
495,2,0
495,3,0
495,4,1
495,5,0
495,6,1
495,7,0
495,8,0
495,9,0
495,10,0
495,11,0
495,12,0
495,13,0
495,14,0
495,15,0
495,16,0
495,17,0
495,18,0
495,19,0
495,20,0
496,1,1
496,2,1
496,3,1
496,4,1
496,5,1
496,6,1
496,7,0
496,8,1
496,9,0
496,10,1
496,11,1
496,12,1
496,13,0
496,14,1
496,15,1
496,16,1
496,17,1
496,18,1
496,19,0
496,20,0
497,1,0
497,2,0
497,3,0
497,4,1
497,5,0
497,6,0
497,7,0
497,8,0
497,9,1
497,10,0
497,11,0
497,12,0
497,13,0
497,14,0
497,15,0
497,16,0
497,17,0
497,18,0
497,19,0
497,20,0
498,1,0
498,2,0
498,3,0
498,4,0
498,5,1
498,6,0
498,7,0
498,8,0
498,9,0
498,10,0
498,11,0
498,12,0
498,13,0
498,14,0
498,15,0
498,16,0
498,17,0
498,18,0
498,19,0
498,20,0
499,1,0
499,2,0
499,3,0
499,4,1
499,5,0
499,6,0
499,7,0
499,8,0
499,9,0
499,10,0
499,11,0
499,12,0
499,13,0
499,14,0
499,15,0
499,16,0
499,17,0
499,18,0
499,19,0
499,20,0
500,1,0
500,2,0
500,3,0
500,4,0
500,5,0
500,6,1
500,7,0
500,8,1
500,9,1
500,10,0
500,11,0
500,12,1
500,13,0
500,14,0
500,15,0
500,16,1
500,17,0
500,18,0
500,19,0
500,20,0
501,1,1
501,2,1
501,3,1
501,4,0
501,5,1
501,6,1
501,7,0
501,8,1
501,9,1
501,10,0
501,11,0
501,12,1
501,13,0
501,14,1
501,15,1
501,16,1
501,17,0
501,18,0
501,19,0
501,20,0
502,1,0
502,2,0
502,3,0
502,4,0
502,5,0
502,6,1
502,7,0
502,8,1
502,9,1
502,10,0
502,11,1
502,12,1
502,13,0
502,14,1
502,15,0
502,16,0
502,17,0
502,18,0
502,19,0
502,20,0
503,1,0
503,2,0
503,3,0
503,4,0
503,5,1
503,6,0
503,7,0
503,8,0
503,9,0
503,10,0
503,11,0
503,12,0
503,13,0
503,14,0
503,15,0
503,16,0
503,17,0
503,18,0
503,19,0
503,20,0
504,1,0
504,2,0
504,3,0
504,4,0
504,5,1
504,6,1
504,7,0
504,8,0
504,9,0
504,10,0
504,11,0
504,12,1
504,13,0
504,14,1
504,15,0
504,16,1
504,17,0
504,18,0
504,19,0
504,20,0
505,1,0
505,2,0
505,3,0
505,4,1
505,5,0
505,6,0
505,7,0
505,8,0
505,9,0
505,10,0
505,11,0
505,12,1
505,13,0
505,14,0
505,15,0
505,16,0
505,17,0
505,18,0
505,19,0
505,20,0
506,1,0
506,2,0
506,3,0
506,4,1
506,5,0
506,6,0
506,7,0
506,8,0
506,9,0
506,10,0
506,11,0
506,12,0
506,13,0
506,14,0
506,15,0
506,16,0
506,17,0
506,18,0
506,19,0
506,20,0
507,1,0
507,2,0
507,3,0
507,4,0
507,5,0
507,6,0
507,7,0
507,8,1
507,9,1
507,10,0
507,11,0
507,12,1
507,13,0
507,14,1
507,15,0
507,16,1
507,17,0
507,18,0
507,19,0
507,20,0
508,1,0
508,2,0
508,3,0
508,4,0
508,5,0
508,6,1
508,7,0
508,8,0
508,9,1
508,10,0
508,11,0
508,12,1
508,13,0
508,14,1
508,15,0
508,16,1
508,17,0
508,18,0
508,19,0
508,20,0
509,1,0
509,2,0
509,3,0
509,4,1
509,5,0
509,6,0
509,7,0
509,8,0
509,9,0
509,10,0
509,11,0
509,12,0
509,13,0
509,14,0
509,15,0
509,16,0
509,17,0
509,18,0
509,19,0
509,20,0
510,1,0
510,2,0
510,3,0
510,4,0
510,5,1
510,6,0
510,7,0
510,8,0
510,9,0
510,10,0
510,11,1
510,12,0
510,13,0
510,14,0
510,15,0
510,16,0
510,17,0
510,18,0
510,19,0
510,20,0
511,1,0
511,2,0
511,3,0
511,4,0
511,5,1
511,6,1
511,7,0
511,8,1
511,9,1
511,10,0
511,11,0
511,12,1
511,13,0
511,14,1
511,15,0
511,16,1
511,17,0
511,18,0
511,19,0
511,20,0
512,1,0
512,2,0
512,3,0
512,4,0
512,5,1
512,6,1
512,7,0
512,8,0
512,9,1
512,10,0
512,11,0
512,12,1
512,13,0
512,14,1
512,15,0
512,16,1
512,17,0
512,18,0
512,19,0
512,20,0
513,1,1
513,2,1
513,3,1
513,4,1
513,5,1
513,6,1
513,7,1
513,8,1
513,9,0
513,10,1
513,11,1
513,12,1
513,13,0
513,14,1
513,15,1
513,16,1
513,17,0
513,18,0
513,19,0
513,20,1
514,1,0
514,2,0
514,3,0
514,4,0
514,5,0
514,6,1
514,7,0
514,8,1
514,9,1
514,10,0
514,11,0
514,12,1
514,13,0
514,14,1
514,15,0
514,16,1
514,17,0
514,18,0
514,19,0
514,20,0
515,1,0
515,2,0
515,3,0
515,4,0
515,5,0
515,6,1
515,7,0
515,8,1
515,9,0
515,10,0
515,11,0
515,12,1
515,13,0
515,14,1
515,15,0
515,16,1
515,17,0
515,18,0
515,19,0
515,20,0
516,1,0
516,2,0
516,3,0
516,4,0
516,5,1
516,6,1
516,7,0
516,8,1
516,9,0
516,10,0
516,11,0
516,12,1
516,13,0
516,14,1
516,15,0
516,16,1
516,17,0
516,18,0
516,19,0
516,20,0
517,1,0
517,2,0
517,3,0
517,4,0
517,5,1
517,6,1
517,7,0
517,8,1
517,9,0
517,10,0
517,11,0
517,12,0
517,13,0
517,14,0
517,15,0
517,16,0
517,17,0
517,18,0
517,19,0
517,20,0
518,1,1
518,2,1
518,3,1
518,4,1
518,5,0
518,6,1
518,7,0
518,8,1
518,9,1
518,10,0
518,11,1
518,12,1
518,13,0
518,14,1
518,15,0
518,16,1
518,17,0
518,18,0
518,19,0
518,20,0
519,1,0
519,2,0
519,3,0
519,4,1
519,5,0
519,6,0
519,7,0
519,8,0
519,9,0
519,10,0
519,11,0
519,12,0
519,13,0
519,14,0
519,15,0
519,16,0
519,17,0
519,18,0
519,19,0
519,20,0
520,1,1
520,2,1
520,3,1
520,4,1
520,5,1
520,6,1
520,7,1
520,8,1
520,9,1
520,10,1
520,11,1
520,12,1
520,13,0
520,14,1
520,15,0
520,16,1
520,17,0
520,18,1
520,19,0
520,20,0
521,1,0
521,2,0
521,3,0
521,4,0
521,5,0
521,6,0
521,7,0
521,8,0
521,9,0
521,10,0
521,11,1
521,12,1
521,13,0
521,14,0
521,15,0
521,16,0
521,17,0
521,18,0
521,19,0
521,20,0
522,1,0
522,2,0
522,3,0
522,4,0
522,5,0
522,6,1
522,7,0
522,8,0
522,9,0
522,10,0
522,11,0
522,12,0
522,13,0
522,14,0
522,15,0
522,16,0
522,17,0
522,18,0
522,19,0
522,20,0
523,1,0
523,2,0
523,3,0
523,4,0
523,5,0
523,6,0
523,7,0
523,8,0
523,9,0
523,10,0
523,11,0
523,12,0
523,13,0
523,14,0
523,15,0
523,16,1
523,17,0
523,18,0
523,19,0
523,20,0
524,1,0
524,2,0
524,3,0
524,4,1
524,5,0
524,6,0
524,7,0
524,8,1
524,9,0
524,10,0
524,11,0
524,12,0
524,13,0
524,14,0
524,15,0
524,16,0
524,17,0
524,18,0
524,19,0
524,20,0
525,1,0
525,2,0
525,3,0
525,4,0
525,5,0
525,6,0
525,7,0
525,8,0
525,9,0
525,10,0
525,11,1
525,12,0
525,13,0
525,14,0
525,15,0
525,16,0
525,17,0
525,18,0
525,19,0
525,20,0
526,1,0
526,2,0
526,3,0
526,4,0
526,5,0
526,6,1
526,7,0
526,8,0
526,9,0
526,10,0
526,11,0
526,12,0
526,13,0
526,14,0
526,15,0
526,16,0
526,17,0
526,18,0
526,19,0
526,20,0
527,1,1
527,2,1
527,3,1
527,4,1
527,5,0
527,6,1
527,7,0
527,8,1
527,9,1
527,10,0
527,11,0
527,12,1
527,13,0
527,14,1
527,15,1
527,16,1
527,17,0
527,18,0
527,19,0
527,20,0
528,1,1
528,2,1
528,3,1
528,4,1
528,5,0
528,6,1
528,7,0
528,8,1
528,9,1
528,10,0
528,11,0
528,12,1
528,13,0
528,14,1
528,15,1
528,16,1
528,17,0
528,18,0
528,19,0
528,20,0
529,1,0
529,2,0
529,3,0
529,4,0
529,5,0
529,6,0
529,7,0
529,8,0
529,9,0
529,10,0
529,11,0
529,12,0
529,13,0
529,14,1
529,15,0
529,16,0
529,17,0
529,18,0
529,19,0
529,20,0
530,1,0
530,2,0
530,3,0
530,4,0
530,5,0
530,6,0
530,7,0
530,8,0
530,9,0
530,10,0
530,11,0
530,12,0
530,13,0
530,14,0
530,15,1
530,16,0
530,17,0
530,18,0
530,19,0
530,20,0
531,1,0
531,2,0
531,3,0
531,4,0
531,5,0
531,6,0
531,7,0
531,8,1
531,9,0
531,10,0
531,11,1
531,12,0
531,13,0
531,14,0
531,15,0
531,16,0
531,17,0
531,18,0
531,19,0
531,20,0
532,1,0
532,2,0
532,3,0
532,4,0
532,5,0
532,6,0
532,7,0
532,8,0
532,9,0
532,10,0
532,11,0
532,12,0
532,13,0
532,14,0
532,15,0
532,16,0
532,17,0
532,18,0
532,19,0
532,20,0
533,1,1
533,2,1
533,3,1
533,4,1
533,5,1
533,6,1
533,7,1
533,8,1
533,9,0
533,10,1
533,11,1
533,12,1
533,13,1
533,14,1
533,15,0
533,16,1
533,17,1
533,18,1
533,19,0
533,20,0
534,1,0
534,2,0
534,3,0
534,4,0
534,5,0
534,6,0
534,7,0
534,8,0
534,9,0
534,10,0
534,11,0
534,12,0
534,13,0
534,14,0
534,15,0
534,16,0
534,17,0
534,18,0
534,19,0
534,20,0
535,1,1
535,2,1
535,3,1
535,4,1
535,5,0
535,6,1
535,7,1
535,8,1
535,9,1
535,10,1
535,11,1
535,12,1
535,13,1
535,14,1
535,15,1
535,16,1
535,17,0
535,18,1
535,19,0
535,20,0
536,1,1
536,2,1
536,3,1
536,4,1
536,5,1
536,6,1
536,7,0
536,8,1
536,9,0
536,10,0
536,11,0
536,12,1
536,13,0
536,14,1
536,15,1
536,16,1
536,17,0
536,18,0
536,19,0
536,20,0
